Modelo;Cam_X_Robot;Cam_Y_Robot;Cam_Z_Robot;Robot_Pred_X;Robot_Pred_Y;Robot_Pred_Z;Robot_Real_X;Robot_Real_Y;Robot_Real_Z;Tiempo_Ms
LINEAL;-0.07264137613554818;0.09556281850230317;1.419566567942721;-0.003860605273188142;-0.5810550340556287;-0.13165497955076308;0.002722350281019946;-0.6872586050969991;-0.13003780313997632;0.014400000509340316
LINEAL;-0.07299877852452037;0.09453769028541817;1.414065509826646;-0.00359334406319424;-0.5838144246623488;-0.1324502251121743;0.00272355777778051;-0.6871055321024249;-0.13014051699019136;0.015100000382517464
LINEAL;-0.0730278379021693;0.09569404188786033;1.424153578982263;-0.003571613809922977;-0.5787541394080251;-0.13155318270896432;0.0027014004111342227;-0.6870398741874445;-0.13018608097146164;0.015300000086426735
LINEAL;-0.07323065558449304;0.09548154057684634;1.416817716450371;-0.0034199491852351382;-0.5824338878737867;-0.13171803108753247;0.0027322424513905735;-0.6870678963650694;-0.13014202548103765;0.014400000509340316
LINEAL;-0.07316696413815289;0.09537463779643066;1.4258049029564983;-0.0034675768831475134;-0.5779258173348877;-0.1318009611642076;0.0027348885988796082;-0.6870834702274969;-0.13013472419514283;0.014600000213249587
LINEAL;-0.0733141313260832;0.09442478186189467;1.4178085108349123;-0.00335752702916986;-0.5819368946299042;-0.13253781408024098;0.002816353800290582;-0.6871094981171609;-0.1301283209252037;0.014299999747890979
LINEAL;-0.0734024316388414;0.09385486830117307;1.413010675561961;-0.003291497116783268;-0.584343541006914;-0.13297992582986104;0.002867035636204686;-0.687097869546535;-0.130098815263976;0.014299999747890979
LINEAL;-0.07327002977076191;0.0943986344310267;1.4235206784234522;-0.00339050564207638;-0.5790716092147641;-0.13255809800960472;0.0028850152089964646;-0.687121752869244;-0.13003913524082003;0.01480000173614826
LINEAL;-0.07337597070564862;0.09470429610274615;1.4164379761150847;-0.0033112842845271634;-0.58262436975783;-0.13232098026791672;0.0028940201877260194;-0.6871450820131344;-0.1299607137291507;0.016599999071331695
LINEAL;-0.07343953526658065;0.09402257684568396;1.4121883547300642;-0.003263751469997647;-0.5847560260836696;-0.13284982554246647;0.002878936622046258;-0.6870855671814855;-0.1299946322338137;0.01669999983278103
LINEAL;-0.07347767400313986;0.09361354529144665;1.4096385818990518;-0.0032352317812799486;-0.5860350198791734;-0.13316713270719632;0.0028906765972320204;-0.6870454675516964;-0.13002657671850834;0.017700000171316788
LINEAL;-0.07350055724507538;0.09423324261899813;1.4081087182004444;-0.003218119968049299;-0.5868024161564757;-0.13268640108647167;0.0028843206238595566;-0.6870507863196293;-0.1300146678114638;0.014999999621068127
LINEAL;-0.0735142871902367;0.09373994475543515;1.4071907999812798;-0.0032078528801109257;-0.587262853922857;-0.13306907803359944;0.0028959839071482515;-0.6871331660455741;-0.13002112356669696;0.014200000805431046
LINEAL;-0.07352252515733348;0.09344396603729736;1.4066400490497812;-0.0032016926273479157;-0.5875391165826858;-0.13329868420187613;0.0029651914299233975;-0.6877065151063172;-0.13001964721123543;0.018799999452312477
LINEAL;-0.07352746793759156;0.09413149506650856;1.406309598490882;-0.003197996475690107;-0.5877048741785831;-0.13276533198327956;0.003011424787724486;-0.6884218518896607;-0.12998712802284113;0.01680000059423037
LINEAL;-0.0735304336057464;0.09454401248403527;1.4061113281555424;-0.0031957787846954022;-0.5878043287361215;-0.1324453206521216;0.0031054031584181315;-0.688853601420615;-0.12996549991156814;0.015300000086426735
LINEAL;-0.07353221300663931;0.09479152293455129;1.4059923659543387;-0.0031944481700985905;-0.5878640014706445;-0.13225331385342684;0.0031460797293294753;-0.6893622341112637;-0.12996938013965809;0.013700000636163168
LINEAL;-0.07353328064717506;0.09494002920486092;1.4059209886336166;-0.0031936498013405146;-0.5878998051113583;-0.13213810977420998;0.003272786500423979;-0.6900701615613958;-0.12995869666150345;0.015200001143966801
LINEAL;-0.07371087683015207;0.09416401670695282;1.3930980356716147;-0.003060845510666252;-0.5943319378405809;-0.13274010324624244;0.003575394896189186;-0.6899643478288087;-0.12995097322285418;0.015499999790336005
LINEAL;-0.07381743453993828;0.09454386373511789;1.3854042638944137;-0.0029811629362616887;-0.5981912174781143;-0.13244543604443484;0.004033367223065746;-0.6895759137388214;-0.12995972648793214;0.015100000382517464
LINEAL;-0.07456952982724831;0.09479143368520088;1.3935681273976614;-0.0024187551216546116;-0.5940961347158402;-0.13225338308881476;0.004735306856757524;-0.6893969631960086;-0.1300096660954509;0.015499999790336005
LINEAL;-0.07502078699963433;0.09493997565525067;1.39846644549961;-0.002081310432890379;-0.5916390850584758;-0.13213815131544274;0.006118169930267277;-0.6898222709084156;-0.13001615453592338;0.015599998732795939
LINEAL;-0.07601247151981082;0.09593541310975984;1.4147941403860416;-0.0013397406701453896;-0.5834489356457012;-0.13136593843092537;0.007722843813317537;-0.6900643528472937;-0.13005558261126576;0.014999999621068127
LINEAL;-0.07660748223191671;0.09653267558246534;1.4245907573179006;-0.0008947988124983902;-0.5785348459980364;-0.13090261070021497;0.009785425119742076;-0.689931966052471;-0.13005074354363;0.017700000171316788
LINEAL;-0.07797379096262311;0.09598472079360934;1.4170800234517538;0.00012691043137084967;-0.5823023118277935;-0.13132768788228286;0.01261801128410702;-0.6894322747147292;-0.13001669592672493;0.016899999536690302
LINEAL;-0.0796586924611408;0.09565594792029575;1.4125735831320656;0.0013868595170761222;-0.5845627913256476;-0.13158273419152358;0.015724094542375857;-0.6889046039566135;-0.12994088893445696;0.014200000805431046
LINEAL;-0.08233807186186101;0.09636499646878688;1.423258422965515;0.003390467223025065;-0.5792031594060043;-0.1310326881565739;0.019312728373746306;-0.6878536860625276;-0.1299163239039732;0.01570000131323468
LINEAL;-0.08571712803486631;0.09679042559788156;1.4296693268655845;0.005917284808189732;-0.5759873802542184;-0.1307026605356041;0.023999091909803764;-0.6856625485975331;-0.13004700693593763;0.01449999945180025
LINEAL;-0.08951599027124263;0.09704568307533837;1.4335158692056265;0.008758028320883793;-0.5740579127631465;-0.1305046439630222;0.028377740401831004;-0.6830545791932717;-0.13006448470140697;0.014199998986441642
LINEAL;-0.09356673614564158;0.09631312329552588;1.4358237946096515;0.011787127390095492;-0.5729002322685036;-0.1310729288895014;0.03473381130964582;-0.6788764296349391;-0.12994268302479484;0.015300000086426735
LINEAL;-0.09776861220285411;0.09587358742763838;1.4372085498520666;0.014929239793217836;-0.5722056239717178;-0.13141389984538893;0.041082942274526704;-0.6748682215996389;-0.12996188232009503;0.0197000008483883
LINEAL;-0.10206116636975479;0.09560986590690587;1.4380394029975156;0.018139160196686488;-0.5717888589936464;-0.13161848241892146;0.046936421692464245;-0.6715863773297484;-0.13012752223614366;0.014600000213249587
LINEAL;-0.10729384166875491;0.09545163299446638;1.438537914884785;0.022052091881160585;-0.5715388000068035;-0.13174123196304097;0.05340577363047143;-0.668580984648468;-0.13012734844640061;0.014600000213249587
LINEAL;-0.11309058964701474;0.09535669324700269;1.4388370220171467;0.026386830334237985;-0.5713887646146978;-0.13181488168951266;0.06164502400340951;-0.6652466622662531;-0.130067271812205;0.014299999747890979
LINEAL;-0.12047874287782112;0.09532133218550706;1.4530582978352533;0.03191160250423984;-0.5642552179260367;-0.13184231311393158;0.06857897503747631;-0.6631074534706015;-0.13001475039883562;0.014200000805431046
LINEAL;-0.1276335859761125;0.09530011554860969;1.4615910633261173;0.037261908161862964;-0.5599750899128401;-0.13185877196858295;0.07562108688405274;-0.6610945844092089;-0.13004690106487243;0.013699998817173764
LINEAL;-0.13555576004816403;0.09528738556647126;1.4667107226206357;0.0431860146972662;-0.557407013104922;-0.13186864728137376;0.08272509986829323;-0.6588711847514567;-0.1300358145381923;0.018799999452312477
LINEAL;-0.14303101565120246;0.09527974757718821;1.4697825181973467;0.048775920974130145;-0.5558661670201712;-0.13187457246904824;0.09015239087007924;-0.6564870139335934;-0.1299684258826221;0.014600000213249587
LINEAL;-0.15114543722610224;0.09527516478361839;1.4716255955433732;0.05484378788107786;-0.5549416593693208;-0.13187812758165293;0.09650454668339677;-0.6536989511500787;-0.1300227660985409;0.014600000213249587
LINEAL;-0.16043726080572934;0.09622509801340912;1.4874753440666133;0.06179210185313226;-0.5469912530527431;-0.13114121470364867;0.10149023729092924;-0.6507442098214005;-0.12998081650970641;0.021100000594742596
LINEAL;-0.16703308663843344;0.09493505799208174;1.4822412910649332;0.06672438111972316;-0.5496167109888639;-0.13214196620390564;0.10483258777503827;-0.6483946366970577;-0.13010480086849294;0.01449999945180025
LINEAL;-0.17461985035113262;0.09509103395888623;1.4938447613795494;0.07239767182050706;-0.5437962840244689;-0.13202096749053005;0.10683855206803806;-0.6472438090262206;-0.13009701276207813;0.016399999367422424
LINEAL;-0.180101908558353;0.09518461953896892;1.500806843568319;0.0764970890458149;-0.5403040278458319;-0.13194836826250472;0.10871314647790634;-0.6464611608690477;-0.1300394223452143;0.014400000509340316
LINEAL;-0.18432114346228617;0.09524077088701854;1.504984092881581;0.07965218218583715;-0.5382086741386496;-0.1319048087256895;0.10944505735141209;-0.6465089672262935;-0.13007497051556005;0.015499999790336005
LINEAL;-0.18778268438424697;0.0952744616958483;1.5074904424695381;0.08224068087468801;-0.5369514619143402;-0.13187867300360037;0.10986138800787902;-0.6467196491053065;-0.1301361793324105;0.014400000509340316
LINEAL;-0.19183883966324075;0.09531852233446926;1.5244942518823275;0.08527382503162709;-0.5284221660985041;-0.13184449286230768;0.10998388365768154;-0.6470281546206775;-0.13014220223246098;0.015200001143966801
LINEAL;-0.19322330208442062;0.09532111256431874;1.5191965378699859;0.0863091093869995;-0.531079557090253;-0.1318424834855713;0.11003437855583643;-0.6472486066041816;-0.1300876933737169;0.014799999917158857
LINEAL;-0.19510321028334493;0.09534651285555153;1.531517909122596;0.08771488213901396;-0.5248990232040518;-0.1318227791514902;0.11007110730049412;-0.6474325563725867;-0.1299851365626737;0.014900000678608194
LINEAL;-0.19518192445648314;0.0953379068769681;1.5234107322141472;0.08777374365143162;-0.5289656713535815;-0.1318294552590808;0.1101040704213691;-0.6475184259585265;-0.12995901329185633;0.014600000213249587
LINEAL;-0.19522915296036608;0.09533274328981804;1.5185464260690777;0.08780906055888224;-0.5314056602432995;-0.13183346092363515;0.11007152657138539;-0.6475381533988815;-0.1299448721753369;0.015499999790336005
LINEAL;-0.1963067208089122;0.09630733742377512;1.5311278420420513;0.08861485284214361;-0.5250946850958796;-0.13107741729275957;0.11001792547500841;-0.6469370856535942;-0.12999057255657037;0.014999999621068127
LINEAL;-0.1959040307718235;0.09591440161790225;1.52317669196582;0.08831372607330941;-0.5290830684886784;-0.13138223814384242;0.11005320726732495;-0.6454402784443518;-0.13003089777830987;0.014100000043981709
LINEAL;-0.1956624167495703;0.09567864013437853;1.5184060019200816;0.08813305001200891;-0.5314760985243575;-0.13156513065449213;0.11007583500149833;-0.644141963086551;-0.12998987826690478;0.013900000340072438
LINEAL;-0.19656667908243475;0.0955610293975874;1.5310435875526536;0.08880924651401963;-0.5251369480645145;-0.13165636745284273;0.10998538515816808;-0.6431454169361017;-0.1300120493201179;0.013900000340072438
LINEAL;-0.19710923648215342;0.09549046295551272;1.5386261389321967;0.08921496441522606;-0.5213334577886087;-0.13171110953185308;0.10920938779115205;-0.642122584248684;-0.13001287187513505;0.013900000340072438
LINEAL;-0.19545554019616732;0.09542427693694482;1.5276756700999075;0.08797835021232135;-0.5268263321043158;-0.13176245348729854;0.10752439236103804;-0.6416800509560235;-0.1300568799474912;0.014999999621068127
LINEAL;-0.19446332242457565;0.09538456532580407;1.521105388800534;0.08723638169057853;-0.53012205669374;-0.13179325986056578;0.10492051811587359;-0.6417704344079211;-0.13003870520953076;0.014600000213249587
LINEAL;-0.19293799178201976;0.09443073837951871;1.5171632200209098;0.08609575777269532;-0.5320994914473945;-0.13253319329805593;0.10159708730328024;-0.6420949878873924;-0.13006076297238436;0.014799999917158857
LINEAL;-0.1910927934168853;0.09571844217094932;1.5147979187531353;0.08471594061712785;-0.5332859522995872;-0.13153425413349046;0.09846200600549372;-0.6416446813166923;-0.13003926242795721;0.014600000213249587
LINEAL;-0.18812567443860279;0.09556106446620677;1.5133787379924706;0.08249716471411234;-0.5339978288109029;-0.13165634024828096;0.09472381900201653;-0.6401519401295678;-0.1300532580859717;0.015800000255694613
LINEAL;-0.1844854030924315;0.09546663784336124;1.5125272295360719;0.07977501356262799;-0.5344249547176922;-0.13172959191715525;0.08992665147767762;-0.637928000186814;-0.13001488504617087;0.014200000805431046
LINEAL;-0.18044124032552689;0.09540998186965392;1.5120163244622327;0.07675083726206233;-0.5346812302617658;-0.13177354291847984;0.08448505485150395;-0.6354266382489347;-0.12991734425852114;0.014999999621068127
LINEAL;-0.17694166576584464;0.09635368057167665;1.5272097810779441;0.07413389747614119;-0.5270600271069595;-0.13104146648966636;0.07777225502790873;-0.6328506526539059;-0.13001907102347826;0.015699999494245276
LINEAL;-0.17033499805196933;0.09594220750664317;1.520825855387356;0.06919351078114513;-0.5302622736953262;-0.13136066766198648;0.07098189610367182;-0.6314706943527538;-0.13006895280313316;0.014700000974698924
LINEAL;-0.16265099750524054;0.096625323647224;1.516995499973003;0.06344750754479742;-0.5321836216483462;-0.1308307387518488;0.06385986741729266;-0.6307601356599695;-0.13007105732408422;0.01920000067912042
LINEAL;-0.15525059723840054;0.09703519333157248;1.5146972867243913;0.05791357718847623;-0.5333364304201582;-0.1305127814057662;0.05618634949035674;-0.6305060445625288;-0.1300440346739288;0.013700000636163168
LINEAL;-0.14709035715989294;0.09728111514218157;1.5133183587752241;0.051811447755333445;-0.5340281156832455;-0.13032200699811664;0.04765639381354112;-0.6307009132966164;-0.13005093946835686;0.014700000974698924
LINEAL;-0.13847421319438474;0.09742866822854704;1.5124910020057238;0.045368398876097685;-0.5344431268410978;-0.13020754235352688;0.040093914387686794;-0.6313637289253177;-0.1300614973721456;0.015199999324977398
LINEAL;-0.12958452689667618;0.09751720008036632;1.5119945879440237;0.038720798329206135;-0.5346921335358092;-0.13013886356677304;0.03270120388415453;-0.6323788993795422;-0.13015204212383735;0.014999999621068127
LINEAL;-0.12053071519964742;0.0975703191914579;1.5116967395070038;0.03195046678172113;-0.534841537552636;-0.13009765629472073;0.023644251956211757;-0.634038493158452;-0.13006297427328867;0.013700000636163168
LINEAL;-0.11137842826302655;0.09760219065811282;1.5115180304447917;0.025106496633880038;-0.5349311799627321;-0.13007293193148933;0.01571369293678108;-0.6354765680032859;-0.13003502927783173;0.01700000029813964
LINEAL;-0.10221242203531383;0.09666863063217315;1.4966669028918402;0.01825226736508566;-0.5423806671348573;-0.1307971432591176;0.007775207051249931;-0.6370292030017188;-0.1300032059997685;0.019899998733308166
LINEAL;-0.0930835500856095;0.09610849461660934;1.4877562263600694;0.011425806662979682;-0.5468503594381324;-0.13123167005569455;-0.00035990862140143447;-0.6387711703626177;-0.13000144473388314;0.01610000072105322
LINEAL;-0.0839769587027102;0.09667973006054023;1.482409820441007;0.004616007100886749;-0.5495321748200974;-0.13078853285214825;-0.0077359471466672955;-0.6403540862351069;-0.12999804446216395;0.01669999983278103
LINEAL;-0.07488373565989391;0.09702247132689877;1.4792019768895694;-0.0021837957771983635;-0.5511412640492765;-0.1305226505300205;-0.015245854092554504;-0.6419325492127369;-0.13004392036981877;0.015599998732795939
LINEAL;-0.06579853362112742;0.09813543313998307;1.477277270758707;-0.008977600644878778;-0.552106717586784;-0.12965926785525136;-0.022797430738837755;-0.6437208400958122;-0.13008351763876763;0.017299998944508843
LINEAL;-0.05719340549840801;0.09785268760059929;1.4620806355414997;-0.01541241200930299;-0.5597295151626861;-0.12987860835481055;-0.030208667282192403;-0.6454487691455294;-0.1301100310608304;0.015600000551785342
LINEAL;-0.048487471559630055;0.097683040276969;1.4529626544111753;-0.0219226047511481;-0.5643031937082275;-0.1300102126545461;-0.03953943563579509;-0.6477931925957956;-0.13008176786620917;0.01449999945180025
LINEAL;-0.03972105413121697;0.09758125188279083;1.4474918657329807;-0.02847802631944571;-0.5670474008355522;-0.1300891752343874;-0.046461333172365275;-0.6495929447732133;-0.13000481964920785;0.015100000382517464
LINEAL;-0.030918346609022804;0.0984058931125705;1.444209392526064;-0.03506058518361485;-0.568693925111947;-0.12944945791226384;-0.05449622377678863;-0.651448404490031;-0.12998753166252647;0.021500000002561137
LINEAL;-0.022093865030559993;0.09801496358415174;1.442239908601914;-0.04165942642530687;-0.5696818396777839;-0.12975272238901803;-0.06235887427924478;-0.6531948977806296;-0.1300015547706811;0.015199999324977398
LINEAL;-0.013256319018335995;0.09866612013338705;1.441058218247424;-0.048268037093512656;-0.570274588417286;-0.12924758620504223;-0.06990046626257809;-0.6550231632413541;-0.1299797185281648;0.015600000551785342
LINEAL;-0.00449332637062613;0.09812990378425623;1.4269605000094678;-0.05482089765197107;-0.5773461572793431;-0.12966355726561662;-0.07744602188918467;-0.656596431696821;-0.13000286494758248;0.014600000213249587
LINEAL;0.004389718307916946;0.09962079851973632;1.4318905730919562;-0.061463531675892275;-0.5748731789782217;-0.12850699226097304;-0.08480047710500171;-0.6581472107040576;-0.1301151364405727;0.014400000509340316
LINEAL;0.01301522610587657;0.09956782707615966;1.4214599129161871;-0.06791358271646877;-0.5801053116159045;-0.12854808497961256;-0.09238360488096806;-0.6599495178264777;-0.1301087690412035;0.018200000340584666
LINEAL;0.02165099582502781;0.09953604421001366;1.4152015168107255;-0.07437130749834961;-0.5832445911985144;-0.12857274061079627;-0.09988108115919617;-0.661744144312351;-0.13003790124418557;0.014999999621068127
LINEAL;0.03029292269689402;0.09951697449032607;1.4114464791474486;-0.0808336365250131;-0.5851281589480802;-0.12858753398950648;-0.10717684823154987;-0.6635666062229079;-0.1300172458355547;0.014299999747890979
LINEAL;0.03846666226397438;0.09860109293205174;1.396413329979914;-0.08694586071342772;-0.592668950142614;-0.1292980312053662;-0.11467048910202819;-0.6656573454340903;-0.12998051610119704;0.014900000678608194
LINEAL;0.04675272411186226;0.09889701852399707;1.3873934404793933;-0.09314207815315842;-0.5971934248593342;-0.129068466249855;-0.1220864648746937;-0.6677833375086413;-0.1299514125986854;0.014299999747890979
LINEAL;0.055106179328234646;0.09822911935225434;1.3819815067790808;-0.09938869154367874;-0.5999081096893664;-0.12958659056157532;-0.12938647882319584;-0.6697844251269774;-0.1300331717976661;0.01650000012887176
LINEAL;0.06350007056569774;0.09867383437611862;1.3787343465588933;-0.10566554250467283;-0.6015369205873857;-0.12924160186358047;-0.1393210713259359;-0.6727069092026156;-0.13006973441352107;0.017100001059588976
LINEAL;0.07191822341581526;0.0989406633904372;1.3767860504267808;-0.11196053600795114;-0.6025142071261973;-0.12903460864478353;-0.14824415713542116;-0.6752525389205803;-0.1300389159808007;0.017299998944508843
LINEAL;0.07952426658499129;0.09821773051536686;1.363404951803259;-0.11764824365452223;-0.6092263117922876;-0.12959542547786698;-0.15678419621374634;-0.677678559214271;-0.12996298458959937;0.013999999282532372
LINEAL;0.0882212257291676;0.09861063743885881;1.355376292629146;-0.12415172515285389;-0.6132535745919419;-0.12929062703235727;-0.1647987737495316;-0.6798460494493965;-0.1299990407859111;0.014600000213249587
LINEAL;0.09579360406258583;0.0979837729162227;1.3388779379606088;-0.129814258639944;-0.6215293288083288;-0.12977691862107904;-0.17197944180795224;-0.6815554271261345;-0.13012735552853835;0.01489999885961879
LINEAL;0.10357181360037905;0.09760765420264103;1.3289789251594866;-0.1356307102272851;-0.626494781338161;-0.1300686935743121;-0.17892601797073474;-0.6830780205069679;-0.13010239901881704;0.014600000213249587
LINEAL;0.11147352186079727;0.09738198297449202;1.3230395174788132;-0.14153951267477677;-0.6294740528560604;-0.13024375854625195;-0.18611475401657818;-0.6846928345834788;-0.12999909376754504;0.014600000213249587
LINEAL;0.1194493293547905;0.0980552758720382;1.3194758728704092;-0.14750372563835884;-0.6312616157668;-0.12972145003938995;-0.19320208755002088;-0.6862974816394432;-0.12993520394464586;0.01469999915570952
LINEAL;0.1262823623724169;0.09761614339594159;1.3061535975440237;-0.15261338558627058;-0.6379442140270045;-0.1300621080631721;-0.2008513239770612;-0.687880897258667;-0.12998469737138935;0.013999999282532372
LINEAL;0.13561289437168242;0.09819577212490793;1.3093443209095355;-0.1595906452492009;-0.6363437124693665;-0.12961245974954205;-0.20826505437804957;-0.6895125877040901;-0.130123391591078;0.017899999875226058
LINEAL;0.14231241613728163;0.09849193049200464;1.3000746663674996;-0.16460046708783982;-0.6409934720485443;-0.12938271421817418;-0.21560807225415468;-0.6912649039778688;-0.1300783791853496;0.014999999621068127
LINEAL;0.15028957591834713;0.09866962551226266;1.294512873642278;-0.17056569127543814;-0.6437833277960511;-0.12924486689935344;-0.22248717277519806;-0.6929713130621733;-0.13000765487851418;0.013900000340072438
LINEAL;0.1568237440890733;0.09795177445739539;1.2804577131358579;-0.17545186368361376;-0.6508335492369093;-0.1298017414987789;-0.2323638940627529;-0.6955630655755212;-0.13000577446059025;0.014600000213249587
LINEAL;0.16384424492351196;0.09752106382447502;1.272024616832006;-0.18070170981131078;-0.6550636821014241;-0.13013586625843418;-0.23980402873544143;-0.6972492660231333;-0.13008018890639725;0.014900000678608194
LINEAL;0.17193154533917898;0.0972626374447228;1.2669647590496949;-0.1867492958414188;-0.657601761820133;-0.13033634111422734;-0.24760359747283892;-0.6985965796600556;-0.13011654825771934;0.015200001143966801
LINEAL;0.18230786163762713;0.09872353902823475;1.2746469292515952;-0.19450858043147945;-0.6537483016590042;-0.1292030433658962;-0.2552668965147869;-0.6994259546158589;-0.13001841155024005;0.014799999917158857
LINEAL;0.18758063363473415;0.09795248991461125;1.2582575344820506;-0.19845149594477912;-0.66196940040449;-0.12980118648120556;-0.26367694626149213;-0.6992578950857107;-0.12998554368848608;0.014600000213249587
LINEAL;0.1945402151170837;0.09748986044643715;1.2484238976203237;-0.2036557873133203;-0.6669020596517816;-0.13016007235039118;-0.27065458045991986;-0.6975574626732799;-0.1300758792104184;0.01449999945180025
LINEAL;0.20251188229057876;0.09797146642234977;1.2425237155032876;-0.20961690419500628;-0.6698616552001565;-0.12978646541187827;-0.27704684471099056;-0.6944499735098832;-0.1300443036307917;0.013999999282532372
LINEAL;0.21033161722194407;0.09826043000789733;1.238983606233066;-0.21546440797246696;-0.6716374125291814;-0.1295623012487705;-0.2828549073720518;-0.690362558196773;-0.13000039597726176;0.029699998776777647
LINEAL;0.2154789683748535;0.09764425715613612;1.226990153132311;-0.21931353528621073;-0.677653459102413;-0.13004029874933112;-0.28798527775441746;-0.6853714411674092;-0.13003339748807444;0.015099998563528061
LINEAL;0.2234261544702284;0.09806410444816915;1.2296634688104802;-0.2252563455119755;-0.6763124948705352;-0.1297146012512422;-0.29263899861850395;-0.6796169464972955;-0.1299116093230159;0.013900000340072438
LINEAL;0.2312312007547216;0.09831601282338898;1.2312674582173815;-0.23109286529588335;-0.6755079163314087;-0.12951918275238888;-0.2966721322161038;-0.6733371114707319;-0.12994304305618776;0.014299999747890979
LINEAL;0.23743259583905163;0.09846715784852086;1.2322298518615222;-0.23573019399045259;-0.6750251692079328;-0.12940193165307687;-0.3001255296370092;-0.6667858890816599;-0.13004279891195636;0.014200000805431046
LINEAL;0.24553455524253148;0.09938029382515182;1.2430879000674044;-0.24178874183542526;-0.6695786540840383;-0.12869356432846335;-0.30431647032251036;-0.657415071491038;-0.130028687117383;0.014500001270789653
LINEAL;0.2519457308506209;0.09992817541113039;1.2496027289909337;-0.2465829418838048;-0.6663107450097016;-0.12826854393369522;-0.3072274751182385;-0.6502666710783805;-0.13011404957640388;0.015600000551785342
LINEAL;0.25734243618147606;0.10025690436271753;1.2535116263450514;-0.25061853325422834;-0.6643499995650994;-0.12801353169683435;-0.3097642367513057;-0.6432634899660481;-0.12997002536976276;0.015300000086426735
LINEAL;0.26213045934599066;0.10045414173366982;1.255856964757522;-0.2541989594178784;-0.6631735522983383;-0.12786052435471784;-0.3120860651682841;-0.6352453433596031;-0.13004132947765162;0.014999999621068127
LINEAL;0.27130436006300995;0.10232465803085158;1.2791663412376344;-0.26105909209087336;-0.6514813154321667;-0.12640946705439185;-0.31444305730179073;-0.6270351644551139;-0.13007619037940055;0.014700000974698924
LINEAL;0.2720576136409125;0.10169479393455025;1.2712497936930718;-0.26162236606126127;-0.6554523418185786;-0.12689808556925233;-0.316416039654731;-0.619790216571134;-0.12991865079895265;0.015100000382517464
LINEAL;0.2788780439088342;0.10306904935137984;1.2884020385989643;-0.26672260182444657;-0.6468485891443109;-0.12583200378311254;-0.31814942153278425;-0.6119882625977863;-0.1300591812980392;0.014299999747890979
LINEAL;0.2781518239144086;0.1021414287268672;1.2767912121098697;-0.2661795432428011;-0.6526727060458651;-0.12655160760648476;-0.3197431966200856;-0.604506286500193;-0.1300722212231138;0.013900000340072438
LINEAL;0.284151961341803;0.10252833459233446;1.291726889649043;-0.270666373880914;-0.6451808076806829;-0.12625146449547786;-0.3211241233542092;-0.5971748543260847;-0.1299576180674309;0.014400000509340316
LINEAL;0.28856073943267513;0.10356917374605037;1.300688296172547;-0.27396320513755346;-0.6406856686615735;-0.12544403113884786;-0.32234266611872886;-0.5893878264741176;-0.13003647867709411;0.013900000340072438
LINEAL;0.2946564409941236;0.10430150332287133;1.3177462992507187;-0.2785214974862967;-0.6321291887135133;-0.12487592479286641;-0.32348691906913657;-0.5818240743176605;-0.1300911281327267;0.014700000974698924
LINEAL;0.2956721228585031;0.10382437934993693;1.3162999419335524;-0.27928101217455487;-0.6328546972812717;-0.12524605480730688;-0.32464051262230836;-0.5744313318422609;-0.1299823947676188;0.01449999945180025
LINEAL;0.2997499376981545;0.10445462668520328;1.327113286707322;-0.2823303530905753;-0.6274306058853323;-0.12475713899394181;-0.32607822077286575;-0.5639778797473434;-0.1300320818281403;0.014799999917158857
LINEAL;0.30219662660194535;0.10483277508636307;1.3336012935715837;-0.2841599576401876;-0.6241761510477686;-0.12446378950592278;-0.3272058500819678;-0.555280811525233;-0.1300763373962725;0.01469999915570952
LINEAL;0.304491306592754;0.10505966412705894;1.3374940976901408;-0.2858758917520327;-0.6222234781452304;-0.12428777981311137;-0.32830090336111506;-0.5467237212499301;-0.13002650301370247;0.015499999790336005
LINEAL;0.30586811458723917;0.10519579755147648;1.339829780161275;-0.2869054522191399;-0.6210518744037075;-0.12418217399742451;-0.32932648591532454;-0.5388524297365804;-0.13001614356580832;0.015000001440057531
LINEAL;0.3103390477888308;0.10623565940329156;1.3534433105882098;-0.2902487623203835;-0.6142231794159904;-0.12337549878498173;-0.3303882354917158;-0.5303362354397123;-0.12999175864491108;0.01590000101714395
LINEAL;0.3138670622366957;0.10685957651438062;1.3616114288443706;-0.29288696911280016;-0.6101259624233601;-0.12289149365751606;-0.33114662367700415;-0.5233349861367789;-0.13002347099306333;0.01489999885961879
LINEAL;0.31598387090541463;0.10723392678103405;1.3665122997980672;-0.29446989318825006;-0.6076676322277819;-0.12260109058103666;-0.3320333287260924;-0.5156304568038321;-0.13005176175807381;0.014600000213249587
LINEAL;0.317253956106646;0.10745853694102611;1.369452822370285;-0.29541964763352013;-0.606192634110435;-0.12242684873514902;-0.3328118407627254;-0.5083992706844169;-0.13004866122230224;0.014900000678608194
LINEAL;0.32185004519825533;0.10773093516930901;1.3839972624831844;-0.2988565478047691;-0.5988969846952326;-0.12221553518586784;-0.33368004920396616;-0.5011595042583054;-0.1299760042142581;0.015100000382517464
LINEAL;0.3246076986532209;0.10789437410627875;1.3927239265509241;-0.3009186879075185;-0.5945195950461111;-0.12208874705629913;-0.33456669915955695;-0.4929592265586559;-0.13001933794417267;0.015200001143966801
LINEAL;0.32712740698629417;0.1079924374684606;1.397959924991568;-0.30280289550855194;-0.5918931612566382;-0.1220126741785579;-0.335354974827545;-0.4855298140341586;-0.13007643541770994;0.020199999198666774
LINEAL;0.3286392319861381;0.1080512754857697;1.4011015240559541;-0.30393342006917196;-0.5903173009829545;-0.12196703045191318;-0.3363212191088094;-0.4770522178423472;-0.13002669627579852;0.015300000086426735
LINEAL;0.32954632698604447;0.10808657829615517;1.402986483494586;-0.304611734805544;-0.5893717848187442;-0.12193964421592632;-0.33719220978853354;-0.468280576078307;-0.1299977579156722;0.015899999198154546
LINEAL;0.33412779319975966;0.109137660292022;1.4175061631830272;-0.3080377001644913;-0.5820885555018622;-0.12112426495104545;-0.33798985980620044;-0.46116294194698076;-0.13003156007418698;0.01469999915570952
LINEAL;0.3368766729279888;0.1097683094895421;1.4262179709960918;-0.31009327937985964;-0.5777186179117331;-0.12063503739211692;-0.3387341617156704;-0.45484698137705415;-0.1300654928625564;0.015399999028886668
LINEAL;0.3385260007649262;0.10926098474176757;1.4314450556839309;-0.31132662690908075;-0.5750966553576554;-0.12102859572678816;-0.3392815066464924;-0.4507480520091871;-0.13004874609934935;0.015300000086426735
LINEAL;0.3395155974670887;0.10895658989310286;1.4345813064966342;-0.31206663542661334;-0.573523477825209;-0.12126473072759089;-0.33963652715418763;-0.44912926951681525;-0.1300022900665511;0.015000001440057531
LINEAL;0.3443435017369757;0.11073980659932059;1.4505048685229458;-0.31567688420143386;-0.5655360458523434;-0.11988139628483889;-0.3397938283557338;-0.4493576337724994;-0.13007311898206186;0.014600000213249587
LINEAL;0.3472402442989079;0.11180973662305121;1.4600590057387328;-0.31784303346632614;-0.5607435866686241;-0.11905139561918769;-0.33981297149958634;-0.450668382241347;-0.1300934519386322;0.017300000763498247
LINEAL;0.3489782898360672;0.1124516946372896;1.465791488068205;-0.3191427230252615;-0.5578681111583924;-0.11855339521979696;-0.3398953239297932;-0.45120901855699597;-0.13011776620188792;0.013500000932253897
LINEAL;0.3544669707193818;0.11397101576241911;1.4839748795815124;-0.3232470926081387;-0.548747124126186;-0.11737477837829695;-0.3396212806309697;-0.4518967138223834;-0.13006982693937286;0.013700000636163168
LINEAL;0.3533143256883516;0.11374846212091033;1.4801410123738727;-0.32238515851034905;-0.5506702336329297;-0.11754742487526253;-0.33876346418200626;-0.45382135205723856;-0.13000234370550515;0.014999999621068127
LINEAL;0.3526227386697334;0.11361492993600507;1.477840692049289;-0.32186799805167526;-0.5518240993369757;-0.11765101277344187;-0.33769441728889027;-0.4557781803076396;-0.1299979726565676;0.014199998986441642
LINEAL;0.35220778645856254;0.1135348106250619;1.4764604998545388;-0.321557701776471;-0.5525164187594035;-0.11771316551234948;-0.33637038907313555;-0.45781008331806294;-0.13002077057406553;0.013900000340072438
LINEAL;0.34772466888327047;0.11152088542307947;1.4615905729989989;-0.3182052803470475;-0.5599753358662578;-0.11927547259892768;-0.33387288189344577;-0.46201909234130994;-0.13002667962466852;0.015599998732795939
LINEAL;0.3483616275334156;0.11227838391730655;1.4667104284243646;-0.318681590368487;-0.5574071606769727;-0.11868784140764096;-0.3317403316065697;-0.4653205349257431;-0.1299920895985197;0.04639999860955868
LINEAL;0.3436455449956092;0.11076702939842625;1.4557405301408943;-0.31515496054066183;-0.5629097810167993;-0.11986027813610257;-0.3293226802399147;-0.4681094206786668;-0.12997436396414017;0.015099998563528061
LINEAL;0.3440995190942805;0.11182607030251462;1.4632004027095018;-0.31549443691424095;-0.5591678277672977;-0.1190387247299459;-0.3272405778076794;-0.4690020755212394;-0.12993177287542448;0.016199999663513154
LINEAL;0.33931685139955503;0.1104956412295511;1.4536345147119767;-0.311918015506519;-0.5639661812709943;-0.12007080812948553;-0.3252845909998449;-0.4675196413754718;-0.1300414159402542;0.018000000636675395
LINEAL;0.33556153651643317;0.11058309805205956;1.4478949819134617;-0.30910983618108817;-0.5668451933732123;-0.12000296329918098;-0.32417601960325604;-0.464163264583375;-0.13001494764567312;0.015499999790336005
LINEAL;0.33242263332027344;0.10974985787927805;1.4444512622343526;-0.306762602105032;-0.5685726006345431;-0.12064935127102659;-0.3232684414899878;-0.4590833223984474;-0.12991278869771483;0.028599999495781958
LINEAL;0.3337365038760023;0.11030845033775652;1.4564268419655768;-0.30774509871203365;-0.5625655195379439;-0.12021602189239276;-0.3219556100790075;-0.4528878009330831;-0.12996879413400958;0.014299999747890979
LINEAL;0.3336175091561705;0.11155092286611278;1.4636121898043113;-0.30765611589102737;-0.5589612708799844;-0.11925217098372001;-0.31975552106640925;-0.44711908158800556;-0.1300411988016378;0.014400000509340316
LINEAL;0.3294847883715427;0.11033055276770998;1.4538815869688624;-0.30456571696940027;-0.5638422471386063;-0.12019887588175002;-0.3162034743343978;-0.44166395078597687;-0.13008771475108621;0.015499999790336005
LINEAL;0.3292518457469563;0.11065686727081568;1.4620850368062828;-0.3043915252750326;-0.5597273074403818;-0.11994573665882681;-0.3120431349258798;-0.4379124371594647;-0.13002109384646637;0.013900000340072438
LINEAL;0.32729744606566613;0.1108526559726791;1.467007106708735;-0.30293004868799733;-0.5572583436214471;-0.1197938531250729;-0.3073776478016339;-0.4364905021554029;-0.1300449356804842;0.014600000213249587
LINEAL;0.3243101721503537;0.11097012919379716;1.4699603486502062;-0.3006962011653615;-0.5557769653300864;-0.11970272300482054;-0.2987231069096194;-0.43900492906077804;-0.1300604084029212;0.022300000637187622
LINEAL;0.3197958566413587;0.1101332960731988;1.471732293815089;-0.297320450296158;-0.5548881383552698;-0.12035189821416159;-0.292500622302244;-0.4427271192746997;-0.13009620384176276;0.019299999621580355
LINEAL;0.3183575112105385;0.11071997666476281;1.4875393630296427;-0.29624487287392615;-0.5469591404443125;-0.11989677940197527;-0.2867099670570588;-0.4467826651990715;-0.1300841461983454;0.018200000340584666
LINEAL;0.3116876748111237;0.11089052160904739;1.482279702442751;-0.2912572493952601;-0.5495974434238056;-0.11976447877096197;-0.2813882671222139;-0.45047516057044995;-0.13008299959466116;0.023099999452824704
LINEAL;0.308842602214393;0.11117431198627196;1.49386780820624;-0.2891297383091998;-0.5437847234854338;-0.11954432773605549;-0.27516846133837686;-0.4545070205669577;-0.13006688498102031;0.017099999240599573
LINEAL;0.30144214414709053;0.11025580574868368;1.4860767695487094;-0.2835957647303876;-0.5476927932484783;-0.12025686105290256;-0.2689563851858704;-0.45748383000574583;-0.13003056953864497;0.01579999843670521
LINEAL;0.29427991814690146;0.10970470200613072;1.4814021463541909;-0.2782399382274783;-0.550037635106305;-0.1206843810430108;-0.26266543003153;-0.45946587139452105;-0.13002955320095078;0.014400000509340316
LINEAL;0.28726063138698055;0.10937403976059894;1.4785973724374797;-0.2729909999701107;-0.5514445402210011;-0.12094089303707575;-0.2554725564213736;-0.4606976680918786;-0.12999579377701836;0.015100000382517464
LINEAL;0.27941979111795123;0.10917564241327987;1.476914508087453;-0.2671277138748608;-0.5522886832898187;-0.12109480023351471;-0.24873457409415523;-0.4611127426908729;-0.12995149350370266;0.015499999790336005
LINEAL;0.27199333579672613;0.10814928695161927;1.475904789477437;-0.2615742998620888;-0.5527951691311093;-0.12189099783287054;-0.24153871635311486;-0.46092457609910353;-0.12998921242189404;0.014799999917158857
LINEAL;0.2648155114441835;0.1075334736746229;1.4752989583114275;-0.25620680909880356;-0.5530990606358837;-0.12236871639248403;-0.2337130389941308;-0.46074797046808696;-0.1300481140859006;0.014900000678608194
LINEAL;0.2568795486195813;0.10716398570842509;1.4749354596118218;-0.25027239150000313;-0.5532813955387482;-0.12265534752825213;-0.22681207335712752;-0.4609088704029219;-0.1300189490035128;0.016899999536690302
LINEAL;0.251777727029844;0.10893839044589858;1.4894612625076826;-0.24645731064627013;-0.5459950947543994;-0.1212788489904296;-0.21928705166994733;-0.461045586358071;-0.12999743684973702;0.014100000043981709
LINEAL;0.244996634157598;0.10907303330878176;1.498176744245199;-0.24138649091468023;-0.5416233142837902;-0.12117439948126585;-0.2125246855275842;-0.4604579468006509;-0.13002173494314673;0.014299999747890979
LINEAL;0.2404749015211115;0.1102745882326974;1.518906032947724;-0.23800519360670291;-0.5312252775201741;-0.12024229049792401;-0.20526341845665644;-0.45972576403129434;-0.13003943951144348;0.017300000763498247
LINEAL;0.23394647740752356;0.11004167505412277;1.531343606169239;-0.23312331653540352;-0.5249864554620045;-0.1204229734294879;-0.1978053624640204;-0.45850068875354827;-0.13003403519247742;0.015099998563528061
LINEAL;0.22716788454059877;0.11085577327990198;1.538806150102148;-0.22805436627773928;-0.5212431622271028;-0.11979143486685727;-0.19043316321658887;-0.4566697234261376;-0.13000309097136042;0.017500000467407517
LINEAL;0.21928534428874785;0.1103903860824455;1.5432836764618934;-0.22215989743662778;-0.5189971862861618;-0.12015246005084787;-0.18330223195130235;-0.45443595512149515;-0.13003329931775187;0.01449999945180025
LINEAL;0.20876120488012395;0.10901423071110902;1.5304701926177255;-0.21429007250181942;-0.5254245692028474;-0.12122001573104657;-0.17684434238544866;-0.4522118056728022;-0.13003830334612942;0.0228000008064555
LINEAL;0.198726721316546;0.10818853748830713;1.5227821023112247;-0.20678640632158435;-0.5292809989528591;-0.12186054913916577;-0.16993294444348664;-0.44983775729332703;-0.13006366345523046;0.015999999959603883
LINEAL;0.19172833889215213;0.1078361984745646;1.5336692477873393;-0.20155310007502436;-0.5238198883216155;-0.12213387693580197;-0.1614050990832497;-0.44763078859498684;-0.13000805212221145;0.014299999747890979
LINEAL;0.18650015966251884;0.1087543496974133;1.5565173241888135;-0.19764353049717365;-0.5123590445941847;-0.12142161902245198;-0.15340176220090831;-0.44619250243872827;-0.13001242778564842;0.014600000213249587
LINEAL;0.1794474627369456;0.11028418777807084;1.570226170029698;-0.19236960851956847;-0.5054825383577262;-0.12023484362862118;-0.14589167284645574;-0.4450695566147472;-0.1300366708039284;0.013900000340072438
LINEAL;0.17130005519380834;0.11022314327951703;1.5784514775342287;-0.1862770751021105;-0.5013566346158511;-0.12028219903814351;-0.1375716589047323;-0.44427134527143297;-0.13005408780597844;0.015199999324977398
LINEAL;0.1624958212801327;0.11018651658038475;1.583386662036947;-0.17969337482074088;-0.4988810923707261;-0.1203106122838569;-0.12884908323811214;-0.4439213988486392;-0.1300314305492422;0.014500001270789653
LINEAL;0.15329749154413402;0.11016454056090538;1.586347772738578;-0.17281497442102428;-0.49739576702365107;-0.12032766023128494;-0.12027444360471921;-0.4437976580302348;-0.13007620574750378;0.015200001143966801
LINEAL;0.14627038562750633;0.11033656120404582;1.6053221628221626;-0.1675601890922686;-0.4878780065019275;-0.1201942148235054;-0.11313214611205617;-0.4441432624578044;-0.13002547971223338;0.015800000255694613
LINEAL;0.13573065137697163;0.10927561998815372;1.5995090732097075;-0.15967870252215133;-0.49079391550237184;-0.12101724240089484;-0.10530110992086225;-0.4446892277781449;-0.13004510119175092;0.013900000340072438
LINEAL;0.12768703846039023;0.10980320886039482;1.6132189431048403;-0.15366378547867443;-0.4839168955891599;-0.12060796412527133;-0.09672323430118974;-0.445518996520567;-0.12999788280413388;0.019699999029398896
LINEAL;0.11883924917703206;0.11011976218373949;1.6214448650419198;-0.14704751501545305;-0.47979068364123284;-0.12036239715989722;-0.08918617565799854;-0.44623542550315315;-0.13000610204947466;0.01469999915570952
LINEAL;0.11160354862225855;0.11050518966895369;1.64453357095914;-0.1416367451238929;-0.4682091375304716;-0.1200634009057566;-0.08147415994654268;-0.4469748771301647;-0.13003303159530585;0.016400001186411828
LINEAL;0.10312879504672373;0.11073644616008221;1.6583867945094721;-0.13529942627856786;-0.46126020986401484;-0.11988400315327222;-0.07373545256205491;-0.4477481805149883;-0.13002378039855722;0.017500000467407517
LINEAL;0.09391060965873213;0.11087520005475933;1.6666987286396715;-0.12840617806098384;-0.4570908532641408;-0.11977636450178158;-0.06640117647679716;-0.4485300047196173;-0.13007004185005877;0.015100000382517464
LINEAL;0.08349231114575223;0.10975755151700586;1.6535327363628185;-0.12061549967558158;-0.46369505824622137;-0.12064338291394366;-0.05872118591717437;-0.4498389045867476;-0.1300832190240253;0.014600000213249587
LINEAL;0.07321971050455497;0.10908696239435378;1.6456331409967069;-0.11293377240720504;-0.46765758123546963;-0.12116359396124092;-0.050969851940978035;-0.4516492556792304;-0.13008814815950978;0.014100000043981709
LINEAL;0.06403993396977962;0.10868460892076252;1.6408933837770396;-0.10606924586832767;-0.47003509502901875;-0.12147572058961928;-0.04347162534733677;-0.45382247338722437;-0.13009469935666299;0.013699998817173764
LINEAL;0.05451044651550508;0.10743779145325544;1.6380495294452393;-0.09894320970786605;-0.4714616033051482;-0.12244294209478657;-0.03686420132489718;-0.4559426171060558;-0.13002435844547405;0.014400000509340316
LINEAL;0.04613960094798281;0.10889600723066326;1.6544963696011319;-0.09268359202181234;-0.46321168932882073;-0.1213117278666902;-0.02806636529348455;-0.4578583957249315;-0.13002939606443908;0.01469999915570952
LINEAL;0.03698376036479876;0.10873760338644028;1.6643644736946674;-0.08583696449979111;-0.45826174094302424;-0.12143461001153212;-0.020996181059255846;-0.45813483275950245;-0.13003951059249738;0.01650000012887176
LINEAL;0.027356922772217625;0.1086425610799065;1.6702853361507888;-0.07863813107618942;-0.45529177191154635;-0.12150833929843727;-0.015000291029621513;-0.4574365968451083;-0.12996555189745795;0.014900000678608194
LINEAL;0.018480820284665925;0.10858553569598622;1.6738378536244614;-0.07200068833923667;-0.45350979049265977;-0.12155257687058035;-0.008239170888392912;-0.455952522741522;-0.12997845775401357;0.014600000213249587
LINEAL;0.011088492170799555;0.11085417755797916;1.6951598398782077;-0.06647279424187053;-0.44281445018835086;-0.1197926727517925;-0.003102562347865574;-0.454300447431952;-0.12997553663155262;0.013799999578623101
LINEAL;0.003464523943848052;0.11115250555563103;1.7079530316304554;-0.06077168245257933;-0.43639724600576557;-0.11956124412455382;0.0018105502136831332;-0.4519763093552317;-0.13000579763085746;0.017099999240599573
LINEAL;-0.0032355712314106368;0.11133150235422215;1.7156289466818042;-0.055761431825090274;-0.4325469234962143;-0.1194223869482106;0.005838460990961698;-0.45025827210516484;-0.1300484606658548;0.0182999992830446
LINEAL;-0.010208009224187777;0.11019890046057562;1.7010440199430708;-0.05054752651260472;-0.4398628814434605;-0.12030100546044435;0.01013962264312228;-0.44919382218107334;-0.13002705125637776;0.019099999917671084
LINEAL;-0.01569051961040771;0.10969648217764501;1.711483539669373;-0.04644777115327686;-0.43462630475883146;-0.12069075759377895;0.014049221437603572;-0.4489744331224418;-0.13007042120677662;0.01650000012887176
LINEAL;-0.021105740081227453;0.10939503120788663;1.7177472515051546;-0.04239833438376581;-0.43148435874805396;-0.1209246088737797;0.017862151262835697;-0.45000028291644756;-0.13009222482125285;0.013800001397612505
LINEAL;-0.02648058660280709;0.1092141606260316;1.7215054786066237;-0.03837908876814483;-0.42959919114158734;-0.12106491964178016;0.021390842878793646;-0.4526633659526921;-0.1300729075958172;0.015899999198154546
LINEAL;-0.03183120875484265;0.10910563827691859;1.7237604148675052;-0.03437795784485792;-0.4284680905777074;-0.12114910610258044;0.024743686094247545;-0.4573152829605596;-0.13006965396247033;0.014100000043981709
LINEAL;-0.03716729628515178;0.10904052486745078;1.725113376624034;-0.03038769573697145;-0.42778943023937943;-0.1211996179790606;0.02859888674518557;-0.4641510052835508;-0.12996035417942192;0.013900000340072438
LINEAL;-0.04249466304242504;0.10900145682177009;1.7259251536779514;-0.02640395491832523;-0.42738223403638265;-0.1212299251049487;0.032053328161233366;-0.469920259818363;-0.12999969586056337;0.013799999578623101
LINEAL;-0.04781679733587679;0.10897801599436169;1.7264122199103018;-0.02242412687322315;-0.4271379163145846;-0.12124810938048156;0.03627980848872653;-0.4759469509429337;-0.1300442242586776;0.02080000012938399
LINEAL;-0.05313579215103563;0.10896395149791664;1.7267044596497119;-0.018446646492247587;-0.42699132568150583;-0.12125901994580127;0.041655896576207954;-0.4819349423614183;-0.13003849466348044;0.014799999917158857
LINEAL;-0.058748141367980906;0.10774503663612463;1.7076893277238152;-0.014249799216148676;-0.4365295227546354;-0.1222045959406985;0.04681000792102279;-0.4868213943513671;-0.12996599678048457;0.014600000213249587
LINEAL;-0.0652155508301511;0.10701368771904941;1.6962802485682773;-0.0094135481676976;-0.44225244099851313;-0.12277194153763685;0.052000137096454804;-0.49126348476725246;-0.13001058829830436;0.014299999747890979
LINEAL;-0.07219599643945623;0.10657487836880429;1.6894348010749545;-0.004193654855835227;-0.4456861919448398;-0.12311234889579986;0.05727635985799594;-0.49495974458501213;-0.13003941579022393;0.014399998690350913
LINEAL;-0.07948426373704234;0.10631159275865722;1.685327532578961;0.0012564238140739398;-0.44774644251263573;-0.12331659331069766;0.06177960619693929;-0.49784424042017816;-0.13008441568500745;0.02010000025620684
LINEAL;-0.08701627166534948;0.10630124043695006;1.7020536472509074;0.006888768797531031;-0.43935644140033653;-0.12332462414796495;0.06586398864173719;-0.5012144882492179;-0.13000503045160078;0.01650000012887176
LINEAL;-0.09354309542591666;0.10614740999954468;1.6928988402845326;0.011769449144079916;-0.44394859218593374;-0.12344395846199671;0.0696152084185118;-0.5045902442574258;-0.1300091685083845;0.018000000636675395
LINEAL;-0.09952585630359231;0.10605511173710146;1.6874059561047077;0.016243285807203744;-0.44670388265729216;-0.12351555905041578;0.07298438153204662;-0.5086762389415939;-0.13002570114151774;0.014600000213249587
LINEAL;-0.10621551276220073;0.10599973277963552;1.6841102255968128;0.021245730487869777;-0.4483570569401072;-0.12355851940346721;0.07532600149092894;-0.5132197804166297;-0.1300110023071293;0.015200001143966801
LINEAL;-0.11098336067488002;0.10482146038522691;1.6639796345371034;0.02481106984073224;-0.45845478045180116;-0.12447256691123562;0.07784971832651733;-0.5191931889997874;-0.1300611741685344;0.022399999579647556
LINEAL;-0.11619001531697637;0.10422620865784311;1.6700544326562503;0.028704543590778606;-0.45540759561681254;-0.12493433480165886;0.07969403500679194;-0.5251219578377669;-0.13000866024561603;0.016199999663513154
LINEAL;-0.12138067472356953;0.10386905762141284;1.6736993115277383;0.03258605629600092;-0.45357928471581943;-0.1252113955359128;0.08100583191596465;-0.5309971531410866;-0.12999052570514671;0.01739999970595818
LINEAL;-0.1255284036781931;0.10365476699955467;1.6758862388506313;0.035687678146731544;-0.4524822981752235;-0.12537763197646518;0.08207328668732504;-0.5362426214367927;-0.13001111677851485;0.014900000678608194
LINEAL;-0.12860352752458945;0.1034144809171784;1.6590452424893944;0.03798721879175215;-0.4609299251928709;-0.1255640344550344;0.08300451391721644;-0.5421383455343712;-0.13007859363088775;0.015000001440057531
LINEAL;-0.1329621152908081;0.10441535428768169;1.6670937974276248;0.04124651832697404;-0.4568926824614545;-0.12478760464623838;0.08352318951949582;-0.5479660911175641;-0.13001215957342932;0.014299999747890979
LINEAL;-0.13459832060359095;0.10180710645054193;1.6365720539729847;0.042470052990383464;-0.47220272107808814;-0.12681095887781785;0.08385737110938936;-0.5543022037537543;-0.12997509053398726;0.018700000509852543
LINEAL;-0.13862565775954433;0.1034509296076998;1.6536098843177789;0.04548164730134731;-0.4636563599925848;-0.12553575929990846;0.08391694320934373;-0.560862842105766;-0.13005304797128225;0.014799999917158857
LINEAL;-0.1399543407787293;0.1012284516425528;1.628481706107077;0.04647522049045481;-0.4762609275967663;-0.1272598516700199;0.0837050046986996;-0.5681875300802216;-0.13001537234882843;0.015100000382517464
LINEAL;-0.14173049793718864;0.10087391221041292;1.6134047991806562;0.04780340946164304;-0.48382366815927513;-0.12753488644626598;0.08322330065652664;-0.5755117666241204;-0.12999712565720473;0.016200001482502557
LINEAL;-0.14435721638010074;0.10174596804369335;1.6215563786874094;0.04976763793640187;-0.4797347471833019;-0.12685838713691489;0.08265542812885228;-0.5828531973005348;-0.1301078901336325;0.014900000678608194
LINEAL;-0.14535117064495984;0.10020547470414892;1.6092496027288554;0.050510904986934994;-0.4859079599111966;-0.12805342837222378;0.08195028268202166;-0.5900472152221363;-0.13004694589934226;0.015899999198154546
LINEAL;-0.1469264905508236;0.1002601260473706;1.6018655371537232;0.05168891027497856;-0.48961188754793333;-0.12801103246758827;0.08087187537256764;-0.5981362842963007;-0.12996663385842416;0.0166000008903211
LINEAL;-0.14787168249434185;0.1002929168533036;1.5974350978086438;0.052395713447804686;-0.49183424412997534;-0.127985594924807;0.07958434252405058;-0.6049324106745891;-0.13007292842984478;0.01570000131323468
LINEAL;-0.14786146973789355;0.09928344156186644;1.578461045085791;0.05238807647130435;-0.5013518354278852;-0.12876869769346266;0.07782405187560258;-0.6123524594867397;-0.13002000605138986;0.014299999747890979
LINEAL;-0.14941161735353214;0.0997069061620011;1.5833924025678845;0.053547258223323874;-0.4988782128579465;-0.12844019406033164;0.07582054260080014;-0.6198180423596561;-0.13000533811596005;0.013900000340072438
LINEAL;-0.15034170592291532;0.09996098492208191;1.5863512170571406;0.0542427672745356;-0.49739403931598325;-0.128243091880453;0.07344315335748645;-0.6270940259744153;-0.1301000824376588;0.032300000384566374
LINEAL;-0.14934348379503765;0.10003812853605744;1.571810716634889;0.053496308767342904;-0.50468771253949;-0.12818324754528126;0.07077304214236779;-0.6342781719057636;-0.13002731170000723;0.01990000055229757
LINEAL;-0.14819608899187972;0.09908287626487255;1.5475864167215228;0.052638300726841045;-0.5168388849548445;-0.12892428668182568;0.06778481485876171;-0.6413023988536951;-0.1299774485714743;0.018000000636675395
LINEAL;-0.14657765213038407;0.09757972492256071;1.533051836773503;0.05142805309770242;-0.5241295884040572;-0.1300903597772821;0.06409621022999912;-0.6482552920708604;-0.13009543788931327;0.016799998775240965
LINEAL;-0.14467659003388578;0.09667783411717361;1.5243310888046913;0.05000646171538172;-0.5285040104735849;-0.13079000363455592;0.05973077346129584;-0.6551918701391097;-0.13003592271727327;0.014200000805431046
LINEAL;-0.1421522942697513;0.09611401670760962;1.50435473790778;0.048118823688548105;-0.538524365441369;-0.13122738628095754;0.05532568498474137;-0.6606450785306905;-0.13001959394998716;0.015400000847876072
LINEAL;-0.14016137535830428;0.09672840916780387;1.5071128294852574;0.04663003846021409;-0.537140876695972;-0.13075076992323142;0.049496041814338615;-0.6657770326581152;-0.13009461851867854;0.015000001440057531
LINEAL;-0.13672121430459486;0.09614436173798777;1.4940237823161198;0.044057527379825503;-0.5437064851748012;-0.13120384605416285;0.043671631478990725;-0.6696653383133804;-0.13006933320642677;0.0166000008903211
LINEAL;-0.13318272746080678;0.09767661616563164;1.5009142561302613;0.04141148945563043;-0.5402501485360313;-0.13001519617362486;0.036309032556124415;-0.6735589702130126;-0.1300401155455062;0.014999999621068127
LINEAL;-0.12685249258967268;0.09669168314970183;1.4762628267644324;0.036677815917324594;-0.5526155737322345;-0.130779260215863;0.029476727112562325;-0.6766212673428931;-0.12996443485884035;0.01469999915570952
LINEAL;-0.1203972088681325;0.09610072334014395;1.461471969144935;0.03185063235194818;-0.5600348288499564;-0.1312376986412059;0.022316858353843956;-0.6792199610653591;-0.129974523743711;0.014799999917158857
LINEAL;-0.11397490977126165;0.096675067294661;1.4666392661119263;0.02704811429237791;-0.5574428564671918;-0.13079215000345507;0.01364082325523463;-0.6819733585189381;-0.13009059749622784;0.016599999071331695
LINEAL;-0.10647065931307985;0.09697646809340603;1.4556978327534313;0.021436526011396714;-0.5629311984909309;-0.13055833764373279;0.0064959508812518045;-0.6843248351264112;-0.13014461781882358;0.014700000974698924
LINEAL;-0.09842525197302444;0.09715730857265305;1.4491329727383344;0.015420267119617428;-0.5662242037051741;-0.13041805022789943;-0.0007588609307380794;-0.6868939341992074;-0.13007582430667525;0.015499999790336005
LINEAL;-0.09019933654719386;0.09635950058772197;1.431805352704014;0.009269026451256587;-0.5749159264520761;-0.13103695159889353;-0.008131387609617529;-0.6892868815725961;-0.1299803732194601;0.015899999198154546
LINEAL;-0.08180332225132006;0.09674593205685719;1.421408780683422;0.002990587892705121;-0.5801309601002171;-0.1307371765019274;-0.01578331161038414;-0.6916057856585729;-0.13000417534796027;0.017099999240599573
LINEAL;-0.0733052486334203;0.09611267467824444;1.4151708374710665;-0.0033641693999607175;-0.5832599802891019;-0.13122842736331033;-0.02311267206528801;-0.694077254045923;-0.12995914698295272;0.017099999240599573
LINEAL;-0.06474593942230499;0.09573272025107679;1.4114280715436531;-0.00976471793309519;-0.5851373924024328;-0.13152317788014006;-0.030557097124955506;-0.6962258500842059;-0.1299342536643633;0.014100000043981709
LINEAL;-0.05701500511535419;0.0955047475947762;1.4091824119872052;-0.01554581767112706;-0.5862638396704313;-0.13170002819023793;-0.03732459348358839;-0.697901980027366;-0.13003748321192707;0.013700000636163168
LINEAL;-0.04858173002668107;0.09534830226781191;1.395054889683768;-0.02185211940260673;-0.5933503585760246;-0.13182139101083215;-0.04528340562471511;-0.6998323000205565;-0.1301289425684355;0.014799999917158857
LINEAL;-0.03953043313713504;0.09613921306491115;1.3993585028712743;-0.028620570407287688;-0.5911916193745863;-0.1312078401490906;-0.05469581767449946;-0.7019837168426951;-0.13009994856921087;0.021699999706470408
LINEAL;-0.031327350624470264;0.0965744360768028;1.3891605442142094;-0.034754736897666866;-0.5963070263985176;-0.13087021490111667;-0.06255217253977571;-0.7034798927281736;-0.13006693972324734;0.015100000382517464
LINEAL;-0.022929743617352852;0.09514466083011795;1.3708296480757163;-0.04103436646653966;-0.6055020033556797;-0.13197936632238644;-0.06971623313919816;-0.7046965527610494;-0.13000199335424822;0.015699999494245276
LINEAL;-0.014603300697321627;0.09513225020901696;1.3720432313368747;-0.047260780386581824;-0.6048932567871736;-0.13198899389012125;-0.07777516874334475;-0.7057266937006667;-0.13000359116544652;0.03060000017285347
LINEAL;-0.006281980472790557;0.09510601595798059;1.3605592603493153;-0.053483363616511015;-0.6106537415888734;-0.1320093451704294;-0.08635091904879079;-0.7066199002131525;-0.1299682233824565;0.01720000000204891
LINEAL;0.002994447931604989;0.09595451781264445;1.365880998701034;-0.060420165261598935;-0.6079842997270899;-0.13135111791391996;-0.09409224004539322;-0.7072726407452968;-0.12993833384258158;0.01320000046689529
LINEAL;0.011716668541372667;0.09559937652015708;1.356861920767811;-0.06694253698022143;-0.6125083673528232;-0.13162661958470864;-0.10170913629614196;-0.7076792011512255;-0.13002935092383439;0.014400000509340316
LINEAL;0.01996913127579274;0.09536832073056609;1.339769314843808;-0.07311362940680952;-0.6210822044648576;-0.13180586164251573;-0.10932675188332447;-0.7079216133633357;-0.1301194690548732;0.01449999945180025
LINEAL;0.028155391454187065;0.0952296872568115;1.329513751289406;-0.07923521635784939;-0.6262265067320784;-0.13191340687720002;-0.11708128890323012;-0.7082758621535649;-0.13009538447294877;0.014300001566880383
LINEAL;0.038386567734399864;0.09599114483519144;1.3350415723208342;-0.08688596698706086;-0.6234536915558162;-0.13132270441731686;-0.12475199262104349;-0.7084668715233491;-0.1301268936612482;0.014400000509340316
LINEAL;0.047292809673707054;0.09560338171958671;1.3266771057756217;-0.09354594764371774;-0.6276493989866535;-0.13162351254208068;-0.1323835531202232;-0.7086185508607604;-0.1300675994843537;0.014700000974698924
LINEAL;0.05587133737503365;0.09537072385022388;1.3216584258484942;-0.09996086753279892;-0.6301668234451558;-0.13180399741693896;-0.14006032401696725;-0.7086255050800832;-0.1299891996994686;0.015600000551785342
LINEAL;0.0635993975099857;0.0952139228385118;1.3074631293308747;-0.10573981799956175;-0.6372873386340181;-0.13192563616079067;-0.15011428830057685;-0.7081217618085116;-0.12998286987490185;0.015300000086426735
LINEAL;0.07293355078672098;0.09594574415601448;1.310130039981646;-0.11271978561025112;-0.6359495872335746;-0.1313579240981391;-0.15857006714712;-0.7067422367947619;-0.13004840950155022;0.029799999538226984
LINEAL;0.08257752092494;0.09638483694651609;1.311730186372109;-0.11993143054552355;-0.6351469363933084;-0.13101729686054814;-0.16536330613276767;-0.7049233833384418;-0.12997721668435985;0.014400000509340316
LINEAL;0.09070395846070625;0.09582239069628712;1.3015061856450436;-0.12600828284355847;-0.6402754064029096;-0.13145361582695617;-0.1723990770111008;-0.702338915619131;-0.12992435506555533;0.016599999071331695
LINEAL;0.0987457783595308;0.09627641229049094;1.2953717852088045;-0.13202185908991143;-0.6433524884086702;-0.1311014075357118;-0.1798431383822429;-0.6983948132072576;-0.12998455321222624;0.020700001186924055
LINEAL;0.10574746599576382;0.0957408465413316;1.2809730600757738;-0.1372576369341514;-0.6505750456044807;-0.13151687389186872;-0.18596662924721885;-0.6940264754283113;-0.12998880836071475;0.015399999028886668
LINEAL;0.11601369583577043;0.09707059401214194;1.2942359984285856;-0.14493460019398358;-0.6439222114158522;-0.13048531924676005;-0.191621888143852;-0.6892723601120609;-0.1299651282259295;0.01340000017080456
LINEAL;0.12342949291666366;0.09702533428000383;1.2910096728789298;-0.15048004410276244;-0.6455405714164357;-0.13052042958759413;-0.1968597541653812;-0.6838395683336531;-0.13003360570979636;0.014500001270789653
LINEAL;0.1310449285425644;0.09699817844072096;1.2890738775491362;-0.15617477531556173;-0.6465115874167858;-0.13054149579209462;-0.20173077640171713;-0.6778609626344679;-0.13007325212016912;0.01449999945180025
LINEAL;0.1387801472954696;0.09698188493715125;1.28791240035126;-0.16195907891077332;-0.6470941970169959;-0.1305541355147949;-0.2062406358020352;-0.6717489577038582;-0.13004915106888607;0.014400000509340316
LINEAL;0.14715504349769187;0.09781521704963374;1.2983996025938773;-0.16822172561276127;-0.6418337022633613;-0.12990767622051572;-0.2101732818315704;-0.6655154420680084;-0.13000193889126532;0.01489999885961879
LINEAL;0.1524036629902521;0.09747210810249891;1.2935078353781047;-0.17214658017350803;-0.6442874659249412;-0.13017384377184754;-0.21383564301738908;-0.658532196330751;-0.1300707931113409;0.015300000086426735
LINEAL;0.15792730271881184;0.09726624273421802;1.290572775048641;-0.17627709156060506;-0.6457597241218892;-0.13033354430264665;-0.2181932683687197;-0.6495080430330068;-0.13008000029251732;0.014600000213249587
LINEAL;0.1651129018271818;0.09879452736230937;1.2999958274123058;-0.1816503961928344;-0.6410330185262973;-0.12914797400320088;-0.22091784834548103;-0.6420632889637713;-0.1299639528340168;0.019999999494757503
LINEAL;0.1710416525610749;0.0989028025047286;1.3056496588305047;-0.18608384471971556;-0.6381969951689421;-0.12906397931355934;-0.22262142994594228;-0.634913793739669;-0.1300640024551284;0.01809999957913533
LINEAL;0.17785165655325164;0.09984834728101;1.3207231168454934;-0.19117628383923735;-0.6306359846179346;-0.12833047078841286;-0.22414507501144704;-0.6275728426186101;-0.13007577214003258;0.015099998563528061
LINEAL;0.18030229666558795;0.10034379009038455;1.3180860324904173;-0.19300884305510085;-0.6319587748239244;-0.12794612989466064;-0.22533974736024998;-0.618802452684317;-0.12995975083998934;0.014200000805431046
LINEAL;0.18506137631302774;0.10071293983240356;1.328184941041441;-0.1965676256046241;-0.6268930524109239;-0.12765976113707367;-0.22590370529869575;-0.6109465364383437;-0.13006196536603065;0.014600000213249587
LINEAL;0.18624551979032478;0.10005384998678513;1.3225631270079858;-0.19745311386187647;-0.629713015499718;-0.12817105159388298;-0.22623319859645466;-0.6032861238091834;-0.13008668128371031;0.0166000008903211
LINEAL;0.19206549193063682;0.10145958181065692;1.3430833186962363;-0.2018052190641494;-0.6194198640735967;-0.12708055191291093;-0.2263091609242524;-0.5958224972774033;-0.12998089595589646;0.014799999917158857
LINEAL;0.19555747521482406;0.10145756637807007;1.3553954337091867;-0.20441648218551312;-0.6132439732179238;-0.12708211538935477;-0.22608970301293432;-0.5880724806807515;-0.12999775754760515;0.0166000008903211
LINEAL;0.1976526651853364;0.1023018116454279;1.3627827027169568;-0.2059832400583314;-0.6095384387045202;-0.126427190190194;-0.22556673509354333;-0.5803755767147784;-0.12997978780406563;0.014300001566880383
LINEAL;0.1989097791676438;0.10280835880584259;1.367215064121619;-0.20692329478202232;-0.607315117996478;-0.12603423507069755;-0.22473565540363613;-0.5728176308207734;-0.13005054476068267;0.01489999885961879
LINEAL;0.20153191220950362;0.10407571202810502;1.3826546075339847;-0.2088840943489973;-0.5995704750268583;-0.12505108290675954;-0.22330600938847345;-0.5651412369822171;-0.13004956314326838;0.014299999747890979
LINEAL;0.20310519203461952;0.10397100770136862;1.3919183335814043;-0.21006057408918227;-0.5949236892450865;-0.12513230752795929;-0.2204029649209972;-0.5536861386553323;-0.13005807413263637;0.015199999324977398
LINEAL;0.2031840436695952;0.10390818510532678;1.3974765692098559;-0.21011953839390946;-0.5921356177760235;-0.12518104230067917;-0.2179890350957453;-0.545514442735435;-0.1300503400340079;0.01630000042496249
LINEAL;0.20236623839048673;0.10387049154770167;1.400811510586927;-0.2095079934373621;-0.5904627748945857;-0.12521028316431107;-0.21569115695582874;-0.5384308492031035;-0.1299772567983365;0.028899999961140566
LINEAL;0.2037911697989438;0.10483657971037674;1.4162011794384317;-0.21057354001492617;-0.5827431495473672;-0.124460838060133;-0.21297414382562901;-0.5308234040947397;-0.1300042285965833;0.01630000042496249
LINEAL;0.20287470011144487;0.10541623260798179;1.4254349807493347;-0.20988821499986937;-0.5781113743390359;-0.12401117099762615;-0.21008989887642313;-0.523907368246623;-0.13007869192778782;0.014100000043981709
LINEAL;0.2014391040326589;0.10487831008025825;1.4309752615358766;-0.20881469351003762;-0.5753323092140371;-0.12442846563015038;-0.20687853550340168;-0.5173535115125986;-0.13003894287999979;0.017400001524947584
LINEAL;0.20161468016055212;0.10647820460507545;1.4483412415464914;-0.2089459872278041;-0.5666213446856403;-0.1231873437893595;-0.2033665125910202;-0.5111038691891956;-0.13002778750979826;0.013999999282532372
LINEAL;0.20081270878401886;0.1065308242666966;1.45876082955286;-0.20834628267325667;-0.5613947659686023;-0.12314652396637742;-0.19943893825743905;-0.5050009132007695;-0.13001205747091288;0.01469999915570952
LINEAL;0.19851689185156057;0.1065623960636693;1.4650125823566813;-0.20662949837011352;-0.5582588187383793;-0.12312203207258818;-0.19471677175331709;-0.4989188667084578;-0.13000103774499228;0.01469999915570952
LINEAL;0.19816013337701344;0.1067174366998433;1.4835075361545982;-0.20636271867158595;-0.5489815486741781;-0.12300175894409074;-0.18947189235755632;-0.49297126149197273;-0.13005905182283506;0.014999999621068127
LINEAL;0.19515607835348242;0.1068104610815477;1.4946045084333484;-0.2041163224379568;-0.5434151866356574;-0.12292959506699229;-0.18475155978408944;-0.4879089554189158;-0.13006160358547203;0.014700000974698924
LINEAL;0.191493645380162;0.10686627571057034;1.5012626918005985;-0.20137759908810432;-0.540075369412545;-0.12288629674073322;-0.17903768091559052;-0.4825807115062536;-0.13000446304883123;0.01489999885961879
LINEAL;0.18650618565736704;0.10689976448798391;1.5052576018209485;-0.1976480366636802;-0.5380714790786775;-0.12286031774497778;-0.17013467909101587;-0.4757207571618405;-0.1299841092843093;0.015800000255694613
LINEAL;0.18344217136372076;0.10801678080729468;1.5231545474931738;-0.19535680360865365;-0.5290941763971064;-0.12199378977772016;-0.162242055800058;-0.47000598902111485;-0.13001114957123672;0.01680000059423037
LINEAL;0.17609530136989685;0.10759006754601852;1.5183927152364936;-0.18986290254698468;-0.5314827632694145;-0.12232481356716995;-0.1562078037067637;-0.4657194613797093;-0.13003614516716067;0.015499999790336005
LINEAL;0.17051871786077058;0.10747711650919144;1.5310356155425007;-0.18569280043723874;-0.5251409469115488;-0.12241243559260445;-0.15033326157672686;-0.4618352303990169;-0.1300104453407996;0.014600000213249587
LINEAL;0.16431122935652281;0.10740934588709518;1.538621355726105;-0.1810509151565065;-0.5213358570968293;-0.12246500880786518;-0.1435396068143011;-0.4578885024974102;-0.13003596602937673;0.014100000043981709
LINEAL;0.15772519785520211;0.10832252964676142;1.5431727998362677;-0.17612595997318248;-0.5190528032079975;-0.12175660441545261;-0.13703882879429388;-0.4546995150326243;-0.13001310191826504;0.015199999324977398
LINEAL;0.15091204055563767;0.10791659376963718;1.5459036663023653;-0.1710311628483034;-0.5176829708746985;-0.12207151010157406;-0.1298564267291361;-0.4518692815440263;-0.13000143868000402;0.014799999917158857
LINEAL;0.14634722310943699;0.10880258687445683;1.5638579752978292;-0.16761764723756178;-0.5086768941260345;-0.12138419892191524;-0.12264269777720971;-0.4496700554887845;-0.13003872330563282;0.015800000255694613
LINEAL;0.1396925432539233;0.10933418273734863;1.5746305606951074;-0.16264135764022203;-0.503273248076836;-0.12097181221411996;-0.11423349942889892;-0.4481826773893098;-0.130032732858488;0.015300000086426735
LINEAL;0.1350912005033229;0.10983834650991177;1.59829183559608;-0.15920052884593588;-0.49140449513383855;-0.1205807060132064;-0.10742016267699826;-0.4475744383348894;-0.1300511270555211;0.01489999885961879
LINEAL;0.12830877331955334;0.11014084477344965;1.6124886005366637;-0.15412871133222894;-0.48428324336803996;-0.12034604229265827;-0.10001173546655936;-0.4477321429184664;-0.1300232447501889;0.016899999536690302
LINEAL;0.12021769547588226;0.11032234373157239;1.6210066595010137;-0.14807830058686955;-0.4800104923085609;-0.1202052440603294;-0.09255669237796019;-0.4485395859071112;-0.13004633565464901;0.02320000021427404
LINEAL;0.11030956381651397;0.10828814215772131;1.608919771217018;-0.14066911884167477;-0.486073406986352;-0.12178328058881005;-0.08432001949909958;-0.4502144249957341;-0.1300414122232874;0.015499999790336005
LINEAL;0.10238033209059233;0.10921072216213538;1.6188653619092266;-0.13473973467755043;-0.481084590479548;-0.12106758703802045;-0.0772074671009722;-0.45239397514214325;-0.1300866742300259;0.015200001143966801
LINEAL;0.09552819850638863;0.10995976565599122;1.6429858690795243;-0.12961579155556788;-0.4689854816334606;-0.12048651483263054;-0.07009477120897407;-0.4554307892829495;-0.13001260710699375;0.014700000974698924
LINEAL;0.08728358511319573;0.11040919175230472;1.6574581733817029;-0.12345056877198934;-0.4617260163258082;-0.12013787150939659;-0.06309653700022509;-0.45894531280490203;-0.13002207063856303;0.01759999940986745
LINEAL;0.07750528565172574;0.1094779465355331;1.6479884032080374;-0.11613847398361729;-0.4664761560832218;-0.12086028711851267;-0.0562282597889577;-0.46365223585160176;-0.12996534044970973;0.014799999917158857
LINEAL;0.06761668444143441;0.10891919940547012;1.6423065411038382;-0.10874389687345884;-0.46932623993766986;-0.12129373648398231;-0.05077862009950365;-0.46883678426420317;-0.12995444203276946;0.01610000072105322
LINEAL;0.05866730756520262;0.10858395112743234;1.6388974238413185;-0.10205166042951236;-0.4710362902503388;-0.1215538061032641;-0.04572671544029289;-0.4747339494147496;-0.13004806972623328;0.01449999945180025
LINEAL;0.05028146528940655;0.10838280216060966;1.6368519534838066;-0.09578082838529303;-0.4720623204379402;-0.12170984787483319;-0.04177611190561898;-0.480909818212712;-0.1300511241508337;0.01739999970595818
LINEAL;0.04223374377387191;0.10826211278051606;1.6356246712692997;-0.08976283898091003;-0.472677938550501;-0.12180347293777463;-0.03887423667819297;-0.4873903231486279;-0.13004200718026387;0.013799999578623101
LINEAL;0.035394300097846464;0.10818969915245989;1.6348883019405953;-0.0846483852197126;-0.4730473094180375;-0.1218596479755395;-0.0364854024799477;-0.4945104603541812;-0.12997821794831466;0.014600000213249587
LINEAL;0.02927982312552653;0.10814625097562619;1.6344464803433727;-0.08007605284442654;-0.47326893193855946;-0.12189335299819842;-0.034650256586064916;-0.5016241550833325;-0.1300547052848453;0.014400000509340316
LINEAL;0.023600326175429908;0.10812018206952598;1.6341813873850393;-0.07582899330068726;-0.4734019054508726;-0.12191357601179377;-0.03354743978527089;-0.5094081464082217;-0.1299905182008285;0.01320000046689529
LINEAL;0.018075985093051236;0.10598789781354516;1.6168246079474335;-0.0716979574496357;-0.48210825487173886;-0.12356770040550948;-0.03286666052018082;-0.5206679413407094;-0.12996914930212924;0.014600000213249587
LINEAL;0.01378243309667571;0.10568747460690497;1.60641054028487;-0.06848729088128105;-0.4873320645242587;-0.1238007543959181;-0.032924214121812276;-0.5301714235659142;-0.13003351093799453;0.01590000101714395
LINEAL;0.010227354551902072;0.10550722068292087;1.6001620996873318;-0.06582884588254456;-0.4904663503157706;-0.12394058679016327;-0.03335944198250594;-0.5375805371703875;-0.13000910161516765;0.015899999198154546
LINEAL;0.00709025886406525;0.10431971612548482;1.5800972462130036;-0.06348296343948348;-0.5005310991393624;-0.12486179616953844;-0.03400949995383904;-0.5446290752865269;-0.13011792013935847;0.015800000255694613
LINEAL;0.00425415531843915;0.10258182879812988;1.5525583344683915;-0.061362159302018604;-0.514344916914768;-0.12620996624285022;-0.03500217008186436;-0.5524691280173268;-0.13000171261941643;0.01489999885961879
LINEAL;0.00255249319106349;0.10256448099461023;1.5515349870816395;-0.060089676819539695;-0.5148582390987608;-0.12622342384115062;-0.03631335039479086;-0.5597620752215892;-0.1299601588115351;0.014299999747890979
LINEAL;0.001531495914638094;0.10255407231249844;1.5509209786495881;-0.05932618733005232;-0.5151662324091566;-0.12623149840013084;-0.037805939343445685;-0.566763319011125;-0.13004850736910056;0.014700000974698924
LINEAL;0.0009188975487828563;0.10152244251033805;1.5350525739303422;-0.05886809363635992;-0.5231259968766445;-0.12703178758120565;-0.03946377650385527;-0.5738440466052037;-0.1300504042903382;0.015499999790336005
LINEAL;0.0005513385292697137;0.10090346462904182;1.5255315310987947;-0.05859323742014447;-0.5279018555571373;-0.12751196108985055;-0.04140683196577851;-0.5814585368041768;-0.12998871990552702;0.014299999747890979
LINEAL;0.00033080311756182823;0.10053207790026408;1.519818905399866;-0.0584283236904152;-0.530767370765433;-0.12780006519503748;-0.043562450216288726;-0.5885872942377006;-0.1300796207538736;0.013900000340072438
LINEAL;0.001152328003461104;0.10228847658881476;1.531891329640524;-0.05904265012420587;-0.52471171140916;-0.12643753489089396;-0.045794856987491105;-0.5962090983216979;-0.13000519373880556;0.013900000340072438
LINEAL;0.0006913968020766624;0.1040169874569402;1.5088908824092797;-0.05869797131285204;-0.536248986002714;-0.12509663862729808;-0.047814863839103584;-0.6034343237746377;-0.12997450864238624;0.014199998986441642
LINEAL;0.001322155134515175;0.10777604513762298;1.4950906140705331;-0.05916964481124709;-0.5431713507588465;-0.12218054102466322;-0.05083465489212521;-0.6128644221384391;-0.1300733578440884;0.015300000086426735
LINEAL;0.04203677043692324;0.15847432067710004;1.4227065308254412;-0.0896155446874364;-0.5794799945084715;-0.08285123769470253;-0.16991584381668878;-0.7100390193500586;-0.0191257278890353;0.015100000382517464
LINEAL;0.066297061361194;0.18498459043434767;1.3573739074457558;-0.10775709859778085;-0.6122515492643615;-0.062285835231851217;-0.1751849992915798;-0.7101387391186671;-0.01588458963096953;0.01449999945180025
LINEAL;0.08587388797954396;0.2039907522206993;1.3400765068505747;-0.12239641420198721;-0.6209281136117807;-0.0475417617090412;-0.17953224766200418;-0.7100804465778121;-0.014318005962121072;0.014100000043981709
LINEAL;0.09724933178477096;0.21151944937750647;1.307795893060836;-0.13090283433069894;-0.637120420726347;-0.04170135765172922;-0.183367448286867;-0.7100004436137369;-0.013592948508338448;0.015999999959603883
LINEAL;0.10562459803390867;0.21681166765459153;1.2884275247869927;-0.1371657577493219;-0.6468358049950867;-0.03759590720606723;-0.18682693236706296;-0.7100340534579206;-0.013755195963839645;0.014500001270789653
LINEAL;0.11403007685818183;0.222691253880675;1.287524588693974;-0.14345127376843342;-0.6472887275639765;-0.03303480472911541;-0.1903441161151294;-0.7101373805864281;-0.01499999917438749;0.016999998479150236
LINEAL;0.11956804499295898;0.22428975033949342;1.2762647421668754;-0.1475924997654522;-0.6529367890976645;-0.031794767441224114;-0.19381836536668334;-0.7101105021452842;-0.017442830777133017;0.017600001228856854
LINEAL;0.12444082583982677;0.22447384823178373;1.2695088342506162;-0.1512363067050594;-0.6563256260178774;-0.03165195307976415;-0.19660453090314844;-0.7100700851570692;-0.02043830362429816;0.017700000171316788
LINEAL;0.12891449431394897;0.22380930698415713;1.2654552895008608;-0.15458166221021957;-0.658358928170005;-0.03216747247416302;-0.19950204091119306;-0.7100019828948128;-0.024931077078589103;0.019400000383029692
LINEAL;0.13237369538142305;0.22263558225258043;1.2630231626510078;-0.1571684111840136;-0.6595789094612815;-0.0330779921220771;-0.20188878738383617;-0.7100217672412676;-0.029730039960904286;0.014999999621068127
LINEAL;0.13599921598790898;0.21960634746463215;1.2615638865410959;-0.15987953190968585;-0.6603108982360474;-0.035427927944649995;-0.20361111868781376;-0.7100715824386349;-0.0356290941963982;0.01779999911377672
LINEAL;0.13972452831780208;0.2154638066428609;1.2606883208751487;-0.1626652756864851;-0.660750091500907;-0.03864151347201811;-0.20466014708575908;-0.710128059805195;-0.042073426858083185;0.015899999198154546
LINEAL;0.14350971568173942;0.21142828218379664;1.2601629814755804;-0.16549579329396052;-0.6610136074598227;-0.0417720808109886;-0.2057900508273294;-0.710289595254664;-0.048685796057971686;0.020000001313746907
LINEAL;0.14578082810010184;0.20590696757635507;1.2598477778358395;-0.1671941038584458;-0.6611717170351722;-0.04605525325947013;-0.2069033012457807;-0.7102214251575814;-0.05506110478133569;0.02099999983329326
LINEAL;0.14714349555111927;0.20026917886288786;1.2596586556519949;-0.16821309019713693;-0.6612665827803819;-0.05042878076238347;-0.20814448188480117;-0.710182125536156;-0.06209484730143869;0.025400000595254824
LINEAL;0.14951109598773127;0.19301150571980374;1.259545182341688;-0.16998355334174747;-0.6613235022275077;-0.0560589373205055;-0.20956635865102277;-0.7101998818794784;-0.06925846850323883;0.018999999156221747
LINEAL;0.15093165624969845;0.18555690190195023;1.2594770983555041;-0.17104583122851374;-0.661357653895783;-0.061841863300477945;-0.21085053685389515;-0.7098483485755307;-0.07636318608172127;0.016399999367422424
LINEAL;0.15333399237288028;0.17720913969623436;1.2594362479637935;-0.17284226930196944;-0.6613781448967485;-0.06831765894483544;-0.21188567507714626;-0.7087358878112991;-0.08488182040454936;0.015399999028886668
LINEAL;0.15477539404678936;0.16987548242380257;1.2594117377287672;-0.17392013214604285;-0.6613904394973277;-0.07400676036527434;-0.212603013980618;-0.70717013233142;-0.09147961995050152;0.015199999324977398
LINEAL;0.15641523503413557;0.16160028814533972;1.2593970315877514;-0.17514638552318484;-0.6613978162576752;-0.08042626127391171;-0.21314258863161792;-0.7047929940539004;-0.09779399620028673;0.015100000382517464
LINEAL;0.15817413960954407;0.15276017166325823;1.259388207903142;-0.17646167322016798;-0.6614022423138837;-0.08728400187546816;-0.21328424342371258;-0.7005889364922463;-0.10411493690154246;0.014700000974698924
LINEAL;0.15922948235478918;0.1443561018420063;1.2593829136923764;-0.17725084583835787;-0.6614048979476087;-0.09380347828150123;-0.2131867961146376;-0.6962580329863441;-0.10903169988904723;0.015300000086426735
LINEAL;0.15986268800193623;0.1369886600002529;1.259379737165917;-0.17772434940927173;-0.6614064913278438;-0.0995187881589455;-0.2126818538356743;-0.6887297420469517;-0.11468768597051526;0.01720000000204891
LINEAL;0.16240271772582232;0.13126553534930596;1.2700959161213285;-0.17962375310206324;-0.6560311393636307;-0.10395851521074631;-0.21190239450683712;-0.6822827774065352;-0.11787626200096957;0.018700000509852543
LINEAL;0.16392673556015397;0.12466570318137303;1.2765256234945754;-0.18076339531773816;-0.6528059281851029;-0.10907835012618343;-0.21103804171775903;-0.6750343518139412;-0.1204130439244484;0.017899999875226058
LINEAL;0.16484114626075297;0.11991431453627206;1.2803834479185237;-0.1814471806471432;-0.6508708014779861;-0.11276425074653489;-0.2099673103388307;-0.6669530074870395;-0.12232862500469913;0.014100000043981709
LINEAL;0.1632296863455145;0.1145735877868048;1.2719800577016054;-0.180242150294543;-0.6550860334460702;-0.11690733175071373;-0.2088311976742016;-0.6594574581586908;-0.12353538191540074;0.01630000042496249
LINEAL;0.16363142738762806;0.11148457726650754;1.2776561084427414;-0.180542567416343;-0.6522388646345667;-0.11930363873452055;-0.2075734691898013;-0.6521201381330963;-0.12434022080617113;0.015400000847876072
LINEAL;0.16530059409072922;0.1097516149849898;1.292245827448766;-0.18179075021119012;-0.6449205028339038;-0.12064798819224759;-0.20624079563903464;-0.6447613515293104;-0.12503246673551827;0.013700000636163168
LINEAL;0.16630209411258995;0.10790314198164358;1.300999658852381;-0.18253965988809845;-0.640529485753506;-0.1220819453569097;-0.20454232320354815;-0.6369345480943187;-0.12563419180102117;0.015100000382517464
LINEAL;0.16995398220107694;0.10786006606139183;1.3301452378028733;-0.18527049789983696;-0.6259097462258695;-0.12211536160067284;-0.20260410739405155;-0.6296183062705693;-0.12600430770926566;0.015500001609325409
LINEAL;0.1697590545004456;0.10687603871207621;1.3354204642289145;-0.18512473330861;-0.6232636352520909;-0.12287872306996139;-0.20050850789776065;-0.6222609243981044;-0.12643974307209918;0.01480000173614826
LINEAL;0.16881543123153264;0.10628562230248684;1.3385856000845393;-0.18441910317179605;-0.6216759686678237;-0.12333673995153452;-0.1982194126111324;-0.6148755807837377;-0.12669232209837974;0.01669999983278103
LINEAL;0.16742259062165074;0.10510470580819907;1.3404846815979141;-0.18337755370762987;-0.6207233687172635;-0.12425283862583819;-0.1958014726111817;-0.607658971263623;-0.12685034369111559;0.01449999945180025
LINEAL;0.16724446199887377;0.10533554983041521;1.3538362514501934;-0.18324435126487387;-0.614026076004124;-0.124073760847057;-0.19261709281757702;-0.5982676724150127;-0.12717423775697304;0.014500001270789653
LINEAL;0.16629213029829765;0.10462860171683498;1.361847193361561;-0.18253220906754974;-0.6100077003762401;-0.12462217746481534;-0.1897191354232525;-0.5904707122386852;-0.12730176538406518;0.016599999071331695
LINEAL;0.16487527675104208;0.10420443284868684;1.3666537585083813;-0.18147270301748486;-0.60759667499951;-0.12495122743547035;-0.18701028204933787;-0.5836508225366088;-0.12760824110972988;0.015100000382517464
LINEAL;0.16467400181775912;0.10491335645381157;1.382317824166042;-0.1813221920419837;-0.5997394092286776;-0.12440127832562323;-0.18360272557336413;-0.5754238747417117;-0.12772333768663346;0.014599998394260183
LINEAL;0.16523297106214882;0.10546229865404268;1.4051049675859009;-0.18174018252334168;-0.5883091301478223;-0.12397543515692028;-0.1804589973979939;-0.5681008066565165;-0.12789980697676517;0.01720000000204891
LINEAL;0.16468263834249608;0.10667737824046791;1.418777253637816;-0.18132865033135886;-0.5814509626993091;-0.12303283438567018;-0.17712978203215507;-0.5614368983964333;-0.12798928790376102;0.019499999325489625
LINEAL;0.16258101017813126;0.10652071172603648;1.4269806252689654;-0.1797570780545738;-0.5773360622302011;-0.12315436879294847;-0.17361470039624763;-0.5548377351962223;-0.12801885526797907;0.019400000383029692
LINEAL;0.1604343190132258;0.10642671181737763;1.431902648247655;-0.1781518082077052;-0.5748671219487362;-0.12322728943731542;-0.16975058136198792;-0.5478247859266496;-0.1282671561167749;0.01359999987471383
LINEAL;0.15737487578170936;0.10637031187218232;1.4348558620348686;-0.17586399333798874;-0.5733857577798575;-0.12327104182393561;-0.16571060024594483;-0.5413208938725453;-0.12837479551245312;0.015300000086426735
LINEAL;0.1561224850913297;0.10646608862696073;1.4506696018458864;-0.17492747063522068;-0.5654534138251325;-0.12319674278712309;-0.16164562725841905;-0.5345957308807944;-0.1281643972635477;0.014799999917158857
LINEAL;0.15355641657056351;0.10652355467982778;1.460157845732497;-0.17300859544314523;-0.5606940074522976;-0.12315216336503557;-0.15802175929158108;-0.5281829869863788;-0.12774362633202002;0.015100000382517464
LINEAL;0.15020214135156545;0.106558034311548;1.4658507920644634;-0.17050030875748523;-0.5578383636285966;-0.12312541571178305;-0.15427252337664552;-0.5216200759517517;-0.12672123590470558;0.01590000101714395
LINEAL;0.14637494211362828;0.10567140503731096;1.4692665598636434;-0.1676383751756746;-0.5561249773343759;-0.123813220401324;-0.14958800647745357;-0.5126830818155836;-0.12460220362634247;0.013900000340072438
LINEAL;0.14455496402383228;0.10711284206362919;1.4860599226587756;-0.16627741743882207;-0.5477012438317761;-0.1226950223278025;-0.14659081292325016;-0.5065661817153296;-0.12223219520916026;0.01849999898695387
LINEAL;0.1439637463897398;0.11100616575145386;1.51163593999587;-0.16583531199931534;-0.5348720352489655;-0.11967476756270803;-0.14349059624688287;-0.5002298010126784;-0.119540890331697;0.01489999885961879
LINEAL;0.14031824665069648;0.11217369845131675;1.5114815507381114;-0.16310925111849395;-0.5349494785805299;-0.11876905139757336;-0.1403279957420498;-0.49365463450300695;-0.11631971651987505;0.014299999747890979
LINEAL;0.13856017756708627;0.1149965257169904;1.5268889168434714;-0.1617945881922338;-0.527220976098218;-0.11657923668300156;-0.13684580213755124;-0.4866530116533798;-0.11231925893272406;0.015499999790336005
LINEAL;0.13655148998399616;0.1176440682093186;1.5361333365066874;-0.16029251576484949;-0.5225838746088308;-0.11452539953268949;-0.13363736550952218;-0.48074343915046513;-0.10883345508382623;0.015100000382517464
LINEAL;0.13215089288884668;0.11987643984443921;1.5261799886446017;-0.15700180215846432;-0.5275765821964491;-0.11279363212544319;-0.1302124446272519;-0.47505786843727604;-0.105343585049795;0.014199998986441642
LINEAL;0.12984438077828037;0.12438740121748391;1.5357079795873656;-0.15527702012970312;-0.5227972382677695;-0.1092942435118785;-0.126472505144461;-0.4691082281051759;-0.10192911348458186;0.013799999578623101
LINEAL;0.128811890508281;0.12945349215959642;1.5577405632688293;-0.15450493631778317;-0.5117454545618771;-0.10536421186406904;-0.12249160420036935;-0.46333786480178457;-0.09886536908602422;0.014799999917158857
LINEAL;0.12623450165238476;0.13445104141876058;1.5709601134777076;-0.15257759591518372;-0.5051143843383415;-0.10148735158374174;-0.11836322261563664;-0.45773021822373994;-0.09631600229349283;0.014299999747890979
LINEAL;0.12273017364495035;0.1384285183212074;1.5788918436030346;-0.14995710155817665;-0.5011357422042202;-0.09840181476972455;-0.11397215908177204;-0.45166006352997795;-0.09432332443489788;0.014299999747890979
LINEAL;0.12089215720452981;0.14338143399386433;1.6008486053408364;-0.1485826549595734;-0.49012199161026904;-0.09455957909632456;-0.10942197762719573;-0.44570235128724267;-0.09307247659757192;0.015699999494245276
LINEAL;0.11777853657357282;0.14735858878081082;1.6140226623835174;-0.14625432688184387;-0.4835137412538983;-0.0914742921641443;-0.10289368674944176;-0.43896438889058775;-0.09256996158831823;0.015800000255694613
LINEAL;0.11389955342829396;0.14974488165297872;1.6219270966091262;-0.1433536699166385;-0.47954879104007586;-0.08962312000483612;-0.0971688294436302;-0.4344798304026729;-0.09341941332820075;0.017299998944508843
LINEAL;0.10956135277442197;0.15117665737627947;1.6266697571444912;-0.1401096156189477;-0.4771698209117824;-0.0885124167092512;-0.09111167767886641;-0.4309735560912011;-0.09479999028518801;0.015199999324977398
LINEAL;0.10603681078069249;0.15373932637649582;1.647668506220683;-0.13747400548598973;-0.46663661989280125;-0.08652442036477366;-0.08486054989557498;-0.42852866064837997;-0.09663347013118373;0.014799999917158857
LINEAL;0.10082208565245177;0.15424359446595792;1.660267755666398;-0.1335744967234232;-0.4603166992814126;-0.08613323323978689;-0.07664018011779422;-0.426799340637023;-0.09937343406272683;0.01469999915570952
LINEAL;0.0945932506435043;0.15351282200896754;1.667827305333827;-0.12891664878309153;-0.45652474691457945;-0.08670013164649455;-0.06989253365662841;-0.42614280840180874;-0.10168959096812044;0.014600000213249587
LINEAL;0.08775594970613279;0.15100769191343796;1.6723630351342844;-0.12380379733610078;-0.45424957549447953;-0.08864349205391862;-0.06291738988880945;-0.4264215922923484;-0.10397014180260268;0.014500001270789653
LINEAL;0.08055356921170687;0.14847128054545253;1.6750844730145589;-0.11841794378511464;-0.4528844726424196;-0.09061111898007282;-0.05577781260995304;-0.42740310136045;-0.10624163784579968;0.014299999747890979
LINEAL;0.06740906418550427;0.13963661337224387;1.62505067020934;-0.10858864094196183;-0.4779819725353518;-0.09746463226779428;-0.04246747351635422;-0.4295621752005735;-0.11042219237381538;0.01340000017080456
LINEAL;0.056660822771010685;0.1333819669353947;1.5950303885262085;-0.10055123522118548;-0.49304047247111116;-0.10231668856199612;-0.035215047890378555;-0.43111462836355563;-0.1125993990410912;0.014200000805431046
LINEAL;0.0463964933906185;0.12867533294036118;1.5770182195163298;-0.09287569310220675;-0.5020755724325666;-0.10596787066008621;-0.028278086680334713;-0.4331934713413958;-0.11462634310870336;0.014799999917158857
LINEAL;0.03620789585077926;0.12370519874426206;1.5507109184503873;-0.08525678234319026;-0.5152716008906905;-0.1098234636424705;-0.01935258406978928;-0.43723931850151015;-0.11731782091101678;0.015800000255694613
LINEAL;0.029164737347274813;0.12630311810420802;1.621283678773763;-0.07998999308294283;-0.47987153642716945;-0.10780812175072249;-0.014677450064293681;-0.4404979009339663;-0.11875327233814396;0.028899999961140566
LINEAL;0.02059884234036791;0.1253818697745732;1.6444368591982461;-0.07358451977088595;-0.4682576492020335;-0.10852278225175305;-0.010802646235295416;-0.44415005668241736;-0.11993972115292463;0.015200001143966801
LINEAL;0.01342216252376464;0.12412054936376302;1.6775192432224784;-0.06821788487781727;-0.4516631654139752;-0.10950125444839406;-0.0072958272923063444;-0.448789350946573;-0.12093904797130109;0.014599998394260183
LINEAL;0.006990440394714891;0.12336375711727691;1.6973686736370177;-0.06340832038806171;-0.44170647514114025;-0.11008833776637868;-0.003858174371273459;-0.4552572442585531;-0.12203411643744455;0.015599998732795939
LINEAL;0.001005692878197254;0.12290968176938526;1.7092783318857414;-0.05893299814029407;-0.43573246097743923;-0.11044058775716944;-0.0011897699661012069;-0.4615007739813538;-0.12283930585155667;0.015499999790336005
LINEAL;-0.0055965841370876936;0.1202458080416765;1.6972336510654331;-0.053995894756921486;-0.44177420393219535;-0.11250709390072045;0.0011158756038708326;-0.46813755249403993;-0.12360254897715639;0.014300001566880383
LINEAL;-0.011624616967594011;0.11864748380505125;1.690006842573248;-0.049488204271703445;-0.4453992497050491;-0.11374699758685104;0.00310801754416399;-0.4753606261152233;-0.12430873297744845;0.014100000043981709
LINEAL;-0.017308103287233152;0.11665515595240841;1.685670757477937;-0.04523816152537813;-0.4475742771687613;-0.11529255048022916;0.0048757950400742526;-0.48263212308833364;-0.12484367907043703;0.015999999959603883
MATRIZ;-0.13840044212513444;0.10177431158629033;1.6394611763966118;0.10999999999999999;-0.46834564148567814;-0.11117941244224266;0.07935901724697297;-0.5525430396682728;-0.13005938568012737;0.02409999979136046
MATRIZ;-0.1383375613594589;0.10128080228586747;1.6371902050169829;0.10999999999999999;-0.4705315640497909;-0.11162287969212228;0.07931862208102199;-0.5528545890070837;-0.1300783894029756;0.02159999894502107
MATRIZ;-0.1382998329000536;0.10199010208896608;1.6358276221892054;0.10999999999999999;-0.47177270398744575;-0.11089712854819767;0.0794267034842655;-0.5534890745542616;-0.1302219615917425;0.021100000594742596
MATRIZ;-0.1382771958244104;0.10141027658747293;1.635010072492539;0.10999999999999999;-0.47258780155085156;-0.11145350935569528;0.07975862664185913;-0.5549711756501413;-0.13082249867127949;0.024599999960628338
MATRIZ;-0.1382636135790245;0.10206778666992936;1.6345195426745391;0.10999999999999999;-0.4730064464880821;-0.11079550634634146;0.08040482682677318;-0.5573959197900031;-0.1318290156677408;0.02209999911428895
MATRIZ;-0.13777921957652078;0.10039856587989053;1.6170275011211332;0.10999999999999999;-0.48969407181502067;-0.1121080742756168;0.08130731993001193;-0.5608972146692068;-0.1333585712275323;0.02029999996011611
MATRIZ;-0.13897023321364305;0.10045535486202758;1.6237299998516956;0.10999999999999999;-0.48362944967190935;-0.11201714181497695;0.08269532392454298;-0.5659638144555319;-0.13532790362912825;0.023399999918183312
MATRIZ;-0.14069024677926872;0.09948402286795749;1.627751499090033;0.10999999999999999;-0.48034991741136834;-0.11279147885527561;0.08428057341337751;-0.5718374335623718;-0.13803196406666188;0.02789999962260481
MATRIZ;-0.14272766030199646;0.0978958182881631;1.6301643986330354;0.10999999999999999;-0.4787414390803695;-0.1140849775961374;0.08600932644056711;-0.5782925331018856;-0.14080243798623754;0.021500000002561137
MATRIZ;-0.14437343699809727;0.09397959546303748;1.6144144146962311;0.10999999999999999;-0.4945342166269251;-0.11731009082731073;0.08812044093628611;-0.5862239694269019;-0.14426876287656515;0.022500000341096893
MATRIZ;-0.1479537905833506;0.0915769456951541;1.6221621479967543;0.10999999999999999;-0.4883297416856809;-0.1192828343294062;0.08993097607283172;-0.5928579168456023;-0.14719558730644178;0.019600000086938962
MATRIZ;-0.15044595720775472;0.08725142986638712;1.6096130643144626;0.10999999999999999;-0.501336560132511;-0.12285005521863429;0.09213415149383174;-0.6009166021420597;-0.15057945846925164;0.0213999992411118
MATRIZ;-0.15389915187629383;0.08367717302217861;1.6020836141050876;0.10999999999999999;-0.5097716652175566;-0.1256388239880125;0.09396574624256235;-0.6080132100257126;-0.1536779402821189;0.02209999911428895
MATRIZ;-0.15792896337131393;0.07957472422175686;1.5975659439794625;0.10999999999999999;-0.5155323028968501;-0.1289262521505476;0.09596747660904573;-0.6151085553774489;-0.15688800544238896;0.022900001567904837
MATRIZ;-0.16057276119454483;0.07540637238785032;1.578539552788282;0.10999999999999999;-0.5347593453596324;-0.13216106542616177;0.09772718583536523;-0.6217808919689743;-0.15985580525703386;0.01939999856404029
MATRIZ;-0.1640667321543314;0.07099766902165838;1.5671237180735738;0.10999999999999999;-0.5469772076545867;-0.13567473139754338;0.09950610241371342;-0.6284405833107665;-0.16266661951892736;0.019999999494757503
MATRIZ;-0.16807080699605137;0.0673986008690192;1.5602742172447488;0.10999999999999999;-0.5549227592019188;-0.1384147406460639;0.10133209680864695;-0.635325469463753;-0.16567374627889975;0.019600000086938962
MATRIZ;-0.17059248266769883;0.0627591600318333;1.5406645170874387;0.10999999999999999;-0.5747049377988249;-0.14212031419438553;0.10328750141904201;-0.6423390791575636;-0.16887233480698133;0.02099999983329326
MATRIZ;-0.17396548802988915;0.058115495570319926;1.5288986969930525;0.10999999999999999;-0.5872388408538212;-0.1458771168792413;0.10494780387609742;-0.6488494207373984;-0.1716827815187022;0.021400001060101204
MATRIZ;-0.17784929120640514;0.054399296913811;1.5218392049364209;0.10999999999999999;-0.5953586460029192;-0.148747212914204;0.10665989575545323;-0.6550674630889857;-0.17439443154246478;0.02049999966402538
MATRIZ;-0.18203957307151653;0.05030957776070383;1.5176035097024418;0.10999999999999999;-0.6008951249892309;-0.15200272909104445;0.10795047270635977;-0.6601380080626191;-0.17652558213055036;0.021699999706470408
MATRIZ;-0.18641374214978518;0.04599574630963771;1.5150620925620544;0.10999999999999999;-0.6048816082778705;-0.15548949735301149;0.10898658697019133;-0.6660777232390107;-0.17842959545473291;0.021300000298651867
MATRIZ;-0.18996824357634728;0.04247744745939713;1.5135372422778222;0.10999999999999999;-0.6076057961994805;-0.15834828758812308;0.10956962059747485;-0.670342913765794;-0.17915555879306644;0.024700000722077675
MATRIZ;-0.19303094441188545;0.03943646816965188;1.5126223321072827;0.10999999999999999;-0.6095726069008731;-0.16083029100712143;0.1098566576010814;-0.6746858371713474;-0.17960238973486348;0.022300000637187622
MATRIZ;-0.19486856491320836;0.037611880595804725;1.512073386004959;0.10999999999999999;-0.6107526933217085;-0.16231949305852045;0.10996983712906773;-0.6789743539660664;-0.17993114487033493;0.02220000169472769
MATRIZ;-0.19585772258234346;0.0361768841565205;1.4970001162279407;0.10999999999999999;-0.625536613606114;-0.16321925264976433;0.11009332364361649;-0.6840241316885121;-0.18011112221690417;0.022599999283556826
MATRIZ;-0.19842463177468495;0.03472613020832499;1.5027000564773538;0.10999999999999999;-0.6209305606609539;-0.16436888446815548;0.11010977438873074;-0.6889262138379094;-0.1800435640784259;0.02099999983329326
MATRIZ;-0.19889867975249859;0.033538116870763475;1.4913761185113774;0.10999999999999999;-0.6319675271300775;-0.16519691605938086;0.11007679757022011;-0.6939060453589073;-0.18000997663730567;0.020599998606485315
MATRIZ;-0.20009042559245593;0.032825308868226565;1.4845817557317917;0.10999999999999999;-0.6388503561507459;-0.1655466961322799;0.11004407929697681;-0.6987178458979876;-0.1800625997311311;0.020400000721565448
MATRIZ;-0.2017127901496995;0.03239762406670442;1.4805051380640404;0.10999999999999999;-0.643240702702341;-0.16560952529418316;0.10999844999389914;-0.7025498382318276;-0.18019534636741802;0.020200001017656177
MATRIZ;-0.2016276723218983;0.03183857416803474;1.4640173559246998;0.10999999999999999;-0.6590059256611651;-0.16578589369064176;0.11000412950422149;-0.7055426121071475;-0.18011486587449546;0.0213999992411118
MATRIZ;-0.20354245524063413;0.031805583246589324;1.468166498179785;0.10999999999999999;-0.6555946935477872;-0.16560600494736405;0.10999943272076587;-0.7075200857105829;-0.18001383014368783;0.02099999983329326
MATRIZ;-0.20469132499187565;0.031785788693722075;1.4706559835328363;0.10999999999999999;-0.6535479542797602;-0.16549807170139746;0.11000388079966733;-0.7087323854079999;-0.17998967062443405;0.021899999410379678
MATRIZ;-0.20628796389588971;0.03177391196200173;1.4721496747446672;0.10999999999999999;-0.6525805598581385;-0.16528627287198128;0.11001093721795804;-0.7095238260715949;-0.18011262958490898;0.02320000021427404
MATRIZ;-0.20614420510218556;0.03235006117149971;1.459004077933076;0.10999999999999999;-0.6650566953399735;-0.16443111000915142;0.11006501457073288;-0.7098360940385033;-0.18013107002070883;0.0213999992411118
MATRIZ;-0.20715969196207568;0.032112475448668305;1.465158531384811;0.10999999999999999;-0.6594858044942664;-0.1646460958566337;0.11013039608885428;-0.7100253502163861;-0.18005924729621314;0.056999999287654646
MATRIZ;-0.20666724194189717;0.03166748499721307;1.4548093919171623;0.10999999999999999;-0.6692618731509379;-0.1649207601159557;0.11015348837456412;-0.7100863024131857;-0.1799957192231448;0.021699999706470408
MATRIZ;-0.20637177192979006;0.031400490726339936;1.448599908236573;0.10999999999999999;-0.6751275143449409;-0.16508555867154892;0.110144651079731;-0.7100297156434188;-0.1800346298222965;0.02099999983329326
MATRIZ;-0.2061944899225258;0.031240294163816053;1.4448742180282195;0.10999999999999999;-0.6786468990613426;-0.16518443780490485;0.11013559774054013;-0.7100614435676977;-0.1799509274915704;0.0228000008064555
MATRIZ;-0.2071898628542798;0.03144661524405811;1.456680615441897;0.10999999999999999;-0.6676399267270878;-0.16509809253408575;0.11010595710110863;-0.7100016436706227;-0.18001535855405815;0.021099998775753193
MATRIZ;-0.20668534447721962;0.03215368314073354;1.4497226423514138;0.10999999999999999;-0.674092315461343;-0.1643182018064141;0.11005555314755057;-0.7100417011305401;-0.17999646307439834;0.02010000025620684
MATRIZ;-0.2074843755870961;0.03199464863020861;1.4595896700358135;0.10999999999999999;-0.6649071765670882;-0.16457835093499126;0.11001989332089836;-0.7100432466261537;-0.17999073706619062;0.021500000002561137
MATRIZ;-0.2068620521169094;0.032482503172423835;1.4514680751077638;0.10999999999999999;-0.6724526653653433;-0.1640063568469574;0.11000870950533752;-0.7100291785919128;-0.1800042493229419;0.02209999911428895
MATRIZ;-0.20759040017090996;0.03219194064922278;1.4606369296896236;0.10999999999999999;-0.6639233865094882;-0.16439124395931728;0.1100063607249989;-0.7100413337907086;-0.17997031887518636;0.02260000110254623
MATRIZ;-0.2080274090033103;0.03201760313530215;1.4661382424387395;0.10999999999999999;-0.6588058191959754;-0.16462217622673317;0.109994334937003;-0.7100426627460396;-0.17998353034082204;0.02099999983329326
MATRIZ;-0.20718787216663792;0.03161056160919338;1.4553972185495194;0.10999999999999999;-0.6688538819719634;-0.1649064083380154;0.10998200141677104;-0.7100309378474813;-0.18000604543357138;0.021500000002561137
MATRIZ;-0.2066841500646345;0.03136633669352812;1.4489526042159873;0.10999999999999999;-0.6748827196375562;-0.16507694760478475;0.10999693868259243;-0.710015639179495;-0.18001827038685025;0.021400001060101204
MATRIZ;-0.20638191680343246;0.031219801744128965;1.445085835615868;0.10999999999999999;-0.6785000222369115;-0.16517927116484632;0.11001037352932827;-0.7100300381048821;-0.179997989813501;0.01990000055229757
MATRIZ;-0.20620057684671123;0.031131880774489473;1.4427657744557965;0.10999999999999999;-0.6806704037965252;-0.1652406653008833;0.10999825364918736;-0.7099994502257947;-0.18000656092250522;0.019299999621580355
MATRIZ;-0.2060917728726785;0.03196484245899235;1.4413737377597535;0.10999999999999999;-0.6819106017030054;-0.16440374546649264;0.1099740050790995;-0.7100012287533155;-0.18000881262340052;0.022199999875738285
MATRIZ;-0.20602649048825883;0.031578905203407504;1.4405385157421278;0.10999999999999999;-0.6827167514761812;-0.1647753498818711;0.10999702672751874;-0.7099959583667484;-0.18002224896459507;0.020899999071843922
MATRIZ;-0.20598732105760703;0.031347342850056595;1.4400373825315524;0.10999999999999999;-0.6832004413400865;-0.16499831253109817;0.1099933502554292;-0.7099973663948993;-0.1800178648255455;0.02099999983329326
MATRIZ;-0.20596381939921599;0.031208405438046045;1.4397367026052073;0.10999999999999999;-0.6834906552584301;-0.16513209012063437;0.109988361778938;-0.7099795689316716;-0.18002517747490773;0.02010000025620684
MATRIZ;-0.2070514605402939;0.03142748200859611;1.4535981061880896;0.10999999999999999;-0.6705461804453403;-0.16506668392352347;0.10999144898260049;-0.70999632250115;-0.1799950797929724;0.02320000021427404
MATRIZ;-0.2066023030888281;0.031256488933169756;1.4478731367991293;0.10999999999999999;-0.6758980987215824;-0.16517311295608958;0.10997142193068665;-0.7099972166897123;-0.18001400356126085;0.02170000152545981
MATRIZ;-0.20633280861794862;0.03203960735420052;1.4444381551657532;0.10999999999999999;-0.6790472186580396;-0.1643632140596164;0.10997627944126848;-0.710000976469598;-0.17999237726267586;0.022300000637187622
MATRIZ;-0.20617111193542093;0.031623764140532404;1.4423771661857274;0.10999999999999999;-0.6809987216492022;-0.16475103103774533;0.10987416954763003;-0.7099703558679973;-0.18001817018417293;0.02409999979136046
MATRIZ;-0.2060740939259043;0.031374258212331536;1.4411405727977122;0.10999999999999999;-0.6821696234438992;-0.1649837212246227;0.10870064273114728;-0.7099210217643042;-0.18001051900288279;0.025800000003073364
MATRIZ;-0.20601588312019434;0.031224554655411012;1.440398616764903;0.10999999999999999;-0.6828721645207176;-0.16512333533674914;0.10591695940138345;-0.7099533211356363;-0.17997041761479116;0.022899999748915434
MATRIZ;-0.20509524237048177;0.0311347325212587;1.4399534431452174;0.10999999999999999;-0.6830392459594998;-0.16535064176010314;0.10140064989937622;-0.7100609692869687;-0.1799150850196773;0.022500000341096893
MATRIZ;-0.20365714365436766;0.031080839240767315;1.4396863389734063;0.10999999999999999;-0.6828850516154601;-0.16563056357019376;0.09608408216695166;-0.710119872395676;-0.17989502721905315;0.022100000933278352
MATRIZ;-0.20013714162583945;0.03104850327247248;1.4395260764703193;0.10999999999999999;-0.6820292053871104;-0.16622913052448268;0.08953006627515453;-0.7101552501739318;-0.17989573438031667;0.02190000122936908
MATRIZ;-0.1953679976098628;0.03102910169149558;1.4394299189684672;0.10999999999999999;-0.6807523680281744;-0.16701888456529057;0.08356121601988273;-0.7101311745958849;-0.17998738879330628;0.024200000552809797
MATRIZ;-0.18984936840141706;0.03190317500919602;1.439372224467356;0.10999999999999999;-0.6791609049615985;-0.16704959454199703;0.07653057038747034;-0.7100970578660669;-0.18006395712377388;0.022700000045006163
MATRIZ;-0.1838810480774899;0.031541904733529705;1.439337607766689;0.10999999999999999;-0.6775047285290146;-0.16837239071226828;0.06951022663329956;-0.7101210780235968;-0.1800302278380538;0.020600000425474718
MATRIZ;-0.1758714845517007;0.03132514256812991;1.439316837746289;0.10999999999999999;-0.6752388066329202;-0.169883758194822;0.061801286598185574;-0.7101420558081849;-0.17999002214010046;0.021500000002561137
MATRIZ;-0.16840860363736745;0.03208079953517662;1.4393043757340491;0.10999999999999999;-0.6730538928440495;-0.17034743623657592;0.0542217926015384;-0.7101521349114931;-0.17998973577223673;0.021800000467919745
MATRIZ;-0.1603880180236212;0.03253419371540464;1.4392968985267052;0.10999999999999999;-0.6707251717414919;-0.171199794885941;0.04653382265668475;-0.7100847037623312;-0.18005365790712935;0.02099999983329326
MATRIZ;-0.15073513520008633;0.03249726013065078;1.4259037081770365;0.10999999999999999;-0.680749037001176;-0.17248463619227025;0.0380964214175758;-0.7101234063379893;-0.180012837659288;0.028300000849412754
MATRIZ;-0.1418125085646733;0.03278407007268914;1.4312564979924975;0.10447097536954897;-0.6730522693699892;-0.1737739564640613;0.029885437710710814;-0.7101803799942145;-0.17997040574555895;0.023599999622092582
MATRIZ;-0.1318037831838728;0.03264718594502149;1.421079467856512;0.09204297084011892;-0.6799085622675136;-0.17529093191582973;0.02114890338920761;-0.7101770762488625;-0.17996858100665414;0.02990000029967632
MATRIZ;-0.12233808291501702;0.03343017172851476;1.4149732497749206;0.08119128483355414;-0.6829676458651455;-0.1759084802415093;0.013590310788198607;-0.710139402641702;-0.1800167083352422;0.037200001315795816
MATRIZ;-0.11233308145323422;0.03476507945870459;1.4113095189259657;0.07046868619577973;-0.6834998779594241;-0.1761265721556119;0.005856655319999255;-0.7100786021107197;-0.18010853441079483;0.01950000114447903
MATRIZ;-0.10286961553578908;0.03470090783672462;1.4091112804165928;0.06089638034258971;-0.6828857019695309;-0.1776716631620659;-0.002858657121075455;-0.7101086263210628;-0.18011463154877244;0.03960000140068587
MATRIZ;-0.09373107094494651;0.03466240486353664;1.407792337310969;0.05188618185095967;-0.6815230926819236;-0.17915951722224377;-0.010396678065660718;-0.7102294813866655;-0.1800599524503766;0.020700001186924055
MATRIZ;-0.08392236288997164;0.03463930307962385;1.4070009714475948;0.04239654403133647;-0.6794628974922701;-0.18075322897873236;-0.018099396124782622;-0.7102131324337158;-0.18010886218187844;0.02409999979136046
MATRIZ;-0.07487159901437053;0.03515630880524287;1.3937460253600018;0.029868890391112735;-0.6894888784748694;-0.18139729189829196;-0.02591180133375597;-0.7102121674123026;-0.18008436438431977;0.02099999983329326
MATRIZ;-0.06521386805446028;0.03462105771370437;1.385793057707446;0.018486744391875254;-0.6943492904665933;-0.18330283728750402;-0.033918954468656844;-0.7101845044749835;-0.18005194584408651;0.03219999962311704
MATRIZ;-0.05603741137087447;0.03514536158569118;1.3810212771159125;0.008339729941810398;-0.6962348157966745;-0.18416017841531757;-0.041077113110422746;-0.7102012761023602;-0.1799895841985248;0.022100000933278352
MATRIZ;-0.04659919072393268;0.035794193373010444;1.3909383353305609;0.0022566409128632614;-0.6840044022158054;-0.1852835869821879;-0.04941411757119061;-0.7101735310157942;-0.18000510288256827;0.022700000045006163
MATRIZ;-0.037259514230368676;0.03584924298127483;1.3841084436897813;-0.008581612811222494;-0.6878419843834127;-0.18658174976389041;-0.05652841937931614;-0.7101641576939085;-0.18000227795095453;0.02429999949526973
MATRIZ;-0.02814237507796018;0.03638954546237941;1.3677983877610593;-0.02207585727865255;-0.7007657648031647;-0.187141520617699;-0.06414319966614611;-0.7102320467990482;-0.17994596755037834;0.024200000552809797
MATRIZ;-0.018576334100595938;0.03705190876180612;1.3702244751480803;-0.03048955005755752;-0.6956536920359919;-0.18809559135712928;-0.0753941959180433;-0.710238661474358;-0.17994039912432325;0.04030000127386302
MATRIZ;-0.00945489140653773;0.03744932674146215;1.371680127580293;-0.038730334909622854;-0.6916149379477821;-0.18921608781490412;-0.08481098009488133;-0.7102119303293606;-0.1799482232429686;0.019999999494757503
MATRIZ;0.00011373169581633744;0.03734959571849179;1.3603413980953665;-0.051090771747631936;-0.6997048123662848;-0.19059768607439553;-0.09285058807992763;-0.710163100180286;-0.17998505195965142;0.01889999839477241
MATRIZ;0.011059147867318701;0.03762793891547355;1.3657502813486646;-0.059870633181654365;-0.6913739564692156;-0.19222449318408485;-0.1008188590671941;-0.7101175606390986;-0.1799826044991189;0.02029999996011611
MATRIZ;0.02068882174547159;0.03828342967143278;1.3567834903563893;-0.07170138510228799;-0.6971275245835948;-0.19292691099102172;-0.10780914239545304;-0.7100319805038752;-0.18005805380572582;0.020900000890833326
MATRIZ;0.02977329266649988;0.03867672412500832;1.3514034157610242;-0.0819214594575079;-0.6996297441449362;-0.19388423671120902;-0.11513874110137726;-0.7100620960004348;-0.1800658369655005;0.02049999966402538
MATRIZ;0.03853064181325341;0.03891270079715364;1.3481753710038051;-0.09117512727347965;-0.7001811545744547;-0.19499450717934663;-0.12244596112621632;-0.7101280844844725;-0.1800191550570982;0.019499999325489625
MATRIZ;0.04709171789544209;0.03905428680044083;1.3462385441494735;-0.09984895116590242;-0.69956207952488;-0.19619654449625445;-0.1297280208399971;-0.7101561318488527;-0.1800052141457365;0.020899999071843922
MATRIZ;0.05575068230807467;0.03879778913454035;1.3333952888728053;-0.11177088021391957;-0.709361505042098;-0.19754988449790284;-0.13780486145080525;-0.7102234215956109;-0.17999089679193409;0.02119999953720253
MATRIZ;0.0627355151254691;0.039108460367548156;1.3145052471454615;-0.12397859035116943;-0.71;-0.19792976805069107;-0.14545266473235843;-0.7102001068042054;-0.18001971571507053;0.021100000594742596
MATRIZ;0.07160652572157544;0.03883029327480474;1.3143553106703982;-0.13235618738280963;-0.71;-0.19963826978800553;-0.15342435644169133;-0.7100680720126461;-0.18010786027686843;0.020899999071843922
MATRIZ;0.08181724791404982;0.039831508935565633;1.3259465079494295;-0.13872726802861707;-0.7089165510247637;-0.20057873382861796;-0.16112412399021103;-0.7101413174139103;-0.18007102310937906;0.02099999983329326
MATRIZ;0.09033382610464402;0.04007281805005081;1.321220067152779;-0.148196074132381;-0.71;-0.20160937930095757;-0.17026327800502153;-0.7101725075479316;-0.17999259731297518;0.020599998606485315
MATRIZ;0.09773220960155227;0.03987347771685443;1.3072001141134457;-0.15928325348043884;-0.71;-0.20267428822603684;-0.17832191277855294;-0.7101057615297368;-0.17999050109534712;0.021500000002561137
MATRIZ;0.10612868642140319;0.0405453628612778;1.2987881422898457;-0.1697887151840593;-0.71;-0.20317376986840097;-0.18558259413710074;-0.710164610068363;-0.1799632688605669;0.019400000383029692
MATRIZ;0.11327721076489028;0.04060221735978255;1.2830228743243985;-0.1811923681948148;-0.71;-0.20390428092110602;-0.19476416575345964;-0.7101892355987456;-0.1799429374378254;0.021699999706470408
MATRIZ;0.12257909121847677;0.04098260664703467;1.2842817984164174;-0.18965895740178115;-0.71;-0.205066177132199;-0.2024201461312299;-0.710182468890376;-0.17996886811666113;0.02029999996011611
MATRIZ;0.13211766621233467;0.04121084021938594;1.2850371528716287;-0.19847489614212566;-0.71;-0.20640465466260832;-0.2100611397079213;-0.7101853744731502;-0.17998506156850091;0.02080000012938399
MATRIZ;0.13972059840145976;0.04100150377464744;1.2747722806734685;-0.2086469029039726;-0.71;-0.2076011517595882;-0.21755802678441985;-0.7095401711264987;-0.18008324069280235;0.02010000025620684
MATRIZ;0.1473823576469378;0.04165090189080509;1.2686133573545724;-0.21779135657405954;-0.71;-0.20805689608753858;-0.2244762891040756;-0.7076884993637244;-0.18016187640264913;0.0213999992411118
MATRIZ;0.15585441310922843;0.04126554077749892;1.2649180033632346;-0.226821453106623;-0.71;-0.20972285801866203;-0.230121088790829;-0.7041945427714805;-0.1799869613030854;0.022500000341096893
MATRIZ;0.16259836063589012;0.04146136491647483;1.2524201789490341;-0.23690067650944263;-0.71;-0.2103277855961903;-0.23468913873626102;-0.6986918523124337;-0.17988048050267774;0.02539999877626542
MATRIZ;0.17118401476660586;0.04192681857590152;1.2552020963199118;-0.24425481643349395;-0.71;-0.2113256206398892;-0.23796639811605474;-0.6917531166608136;-0.18003456304598514;0.01990000055229757
MATRIZ;0.1778854072110368;0.042206090771557535;1.2568712467424383;-0.2501305612642559;-0.71;-0.21217551308924532;-0.24001166501052731;-0.6845919536944518;-0.18004057641745982;0.022000000171829015
MATRIZ;0.1834562426436969;0.04237365408895115;1.2578727369959541;-0.25511926903904425;-0.71;-0.2129366399819958;-0.24136029371990397;-0.6746175772787999;-0.18004198250538056;0.026700001399149187
MATRIZ;0.18834874386929445;0.04247419207938731;1.2584736311480635;-0.2595757545802484;-0.71;-0.2136445075407829;-0.2414558553959768;-0.6666353057165283;-0.18016092360020186;0.02119999953720253
MATRIZ;0.1937411594443788;0.04289728082313873;1.2695522525106164;-0.261463660538349;-0.71;-0.2143623522923418;-0.2410004197258209;-0.6587406843281265;-0.18011021992924947;0.020199999198666774
MATRIZ;0.1969766087894294;0.04315113406938957;1.2761994253281481;-0.2625964041132093;-0.71;-0.21479305914327712;-0.240395346854461;-0.6512339412039035;-0.18000800165063133;0.019799999790848233
MATRIZ;0.19891787839645977;0.04409493536148128;1.2801877290186672;-0.2633932191367467;-0.71;-0.21427067973740133;-0.23941189881286604;-0.6445946134673718;-0.17998614735844318;0.0197000008483883
MATRIZ;0.20183768175030414;0.044248265174471335;1.2937647997943216;-0.26217054017160013;-0.7048710875227251;-0.21491286796306225;-0.2378685063265158;-0.6375893594473728;-0.1800616156640352;0.03370000013092067
MATRIZ;0.2027808681281752;0.045148958696700936;1.3019110422597142;-0.26079320836345243;-0.6967550750954306;-0.21436934699785393;-0.23631228170959956;-0.6303619067337174;-0.18015352406259783;0.019799999790848233
MATRIZ;0.2033467799548978;0.04488067917560313;1.3067987877389498;-0.25984709325040733;-0.691942104665795;-0.2148410119246537;-0.23482560583770531;-0.6234300473214275;-0.18004540384211848;0.021200001356191933
MATRIZ;0.2073989751908401;0.045528407097380014;1.3336247151348148;-0.2558615788104137;-0.6651062566867956;-0.21549151652548548;-0.23293263893954463;-0.6160840747209358;-0.17995791513589157;0.020099998437217437
MATRIZ;0.20450025292362561;0.04510834821601058;1.3258269914640102;-0.2553612346041516;-0.6734174490426559;-0.21525220085187252;-0.23071023807719693;-0.6087501652113176;-0.18006161438564233;0.02010000025620684
MATRIZ;0.206400149918257;0.0465104630485344;1.3450416373698508;-0.2516989366960991;-0.654418007089818;-0.21463016275492797;-0.22837558779476372;-0.6011644816128899;-0.18005344416225633;0.021800000467919745
MATRIZ;0.2040267548587657;0.04609294409687171;1.3443583039691012;-0.24959796042076302;-0.6557818419282291;-0.2146412957691961;-0.2258956900061209;-0.5936287132628852;-0.18010660379112003;0.02320000021427404
MATRIZ;0.2044251420255212;0.04710122057705107;1.3561604248729056;-0.24664468759370467;-0.6443223980351149;-0.2139895926982638;-0.22206901274680982;-0.5836358110117684;-0.1801288444794566;0.021800000467919745
MATRIZ;0.2029732652717547;0.04686073193824878;1.3632416974151882;-0.2431512816393085;-0.6379916983502469;-0.21415858396847648;-0.21869323012516292;-0.5757050323106548;-0.18009963275288995;0.021699999706470408
MATRIZ;0.20592681446027772;0.047602153021253986;1.3936592915353887;-0.23708384295538912;-0.6080338382561756;-0.2146233381976574;-0.21548700295393577;-0.5682056805417126;-0.1801110751369323;0.01880000127130188
MATRIZ;0.2059275154408184;0.0480470056710571;1.4119098480075087;-0.23177108160065915;-0.5905680086143508;-0.21461511482300955;-0.21228920182985683;-0.5612960331434647;-0.18003627368931294;0.02159999894502107
MATRIZ;0.2022820889330329;0.04786076112469933;1.4094714778655186;-0.2290207845210462;-0.5939576277880609;-0.2141505524104631;-0.20873214006178592;-0.5543401833389217;-0.17999348613898108;0.020399998902576044
MATRIZ;0.1983646005081739;0.04774901439688467;1.4080084557803245;-0.22573719878342047;-0.5964884511391229;-0.21359141523478253;-0.20502801645954272;-0.5478049054758959;-0.18013246597101504;0.020199999198666774
MATRIZ;0.1951489911931646;0.047681966360195865;1.407130642529208;-0.22295034359591598;-0.5982554710731778;-0.2131157330652978;-0.20128805489542456;-0.5416245306909717;-0.1800892021336426;0.01950000114447903
MATRIZ;0.19326082161654445;0.047209179408135654;1.4199926586038005;-0.21730682092500314;-0.5865441217850011;-0.21357954236705934;-0.1974991120834918;-0.5355266005103535;-0.1800073473311807;0.020899999071843922
MATRIZ;0.19307844249780676;0.0482864828168033;1.4417516797872456;-0.21088074450808236;-0.565735010874111;-0.21300049779101038;-0.19323450108714124;-0.5291981180149202;-0.18002149656294886;0.0213999992411118
MATRIZ;0.1911543809200258;0.04893286486200388;1.4548070924973127;-0.20531201275393246;-0.5537708426059653;-0.21235899328170865;-0.1887631573723432;-0.5229131341658328;-0.18010611109915076;0.0228000008064555
MATRIZ;0.18818530986681883;0.04932069408912423;1.462640340123353;-0.20025768779744504;-0.5471136399234666;-0.21168001281245524;-0.18393979559311874;-0.5166848118646734;-0.18008808222714945;0.021300000298651867
MATRIZ;0.18638118430856293;0.05005241600469448;1.4820841908146012;-0.19293184761508247;-0.5290062647714298;-0.21112445325568974;-0.1792814465009626;-0.5111335416926354;-0.18000746034436071;0.02029999996011611
MATRIZ;0.1834387090144076;0.05049144915403664;1.4937505012293502;-0.1867804304540676;-0.5186761704155562;-0.2104896878138663;-0.17180989789897794;-0.502671446139783;-0.180099610334101;0.02010000025620684
MATRIZ;0.17720468735056366;0.04934852761107471;1.4860063853625753;-0.18300862220974992;-0.5279449245648034;-0.21042422480456813;-0.16537429611982893;-0.4960523870167857;-0.1800662213289859;0.02029999996011611
MATRIZ;0.1749997339808667;0.050593731490972974;1.5116038176181497;-0.173566655475106;-0.5040383144867648;-0.20944231396223523;-0.16005411401628764;-0.49056230698365266;-0.18011298364486694;0.022399999579647556
MATRIZ;0.1691698389809826;0.049886238466202826;1.5114622773114792;-0.1679999895313123;-0.5058978557669029;-0.20919212953855026;-0.15468129752053952;-0.4852740135520903;-0.18004307789137583;0.0197000008483883
MATRIZ;0.16445574816157402;0.04996251187112584;1.526877352787492;-0.15901746295812352;-0.4925209704252529;-0.20871654911905624;-0.14895064310505446;-0.4798342742662634;-0.18008447532032684;0.019099999917671084
MATRIZ;0.15971960140408087;0.05000827591407965;1.5361263980730997;-0.15182701055103343;-0.4850428707436971;-0.20812204219272984;-0.1432524847468725;-0.4751872865001042;-0.1800593297241806;0.019299999621580355
MATRIZ;0.15497022108373695;0.05003573433985194;1.5416758252444644;-0.14571180264360256;-0.4811040424581978;-0.2074561793623041;-0.13761442726363615;-0.4707051503878668;-0.18000868172269902;0.019899998733308166
MATRIZ;0.15330645565138207;0.050129548270957794;1.5785189943256943;-0.13329565628905962;-0.44637972283060945;-0.207963092095738;-0.13186311056615052;-0.46614951865602183;-0.18006562131989912;0.022500000341096893
MATRIZ;0.14778387216688366;0.050635623248489456;1.5834271721118265;-0.12671037231624052;-0.44324207181748987;-0.20668464361276284;-0.12531346893494102;-0.4613587096537259;-0.18006721132831233;0.03280000055383425
MATRIZ;0.14153348003533964;0.05093926823500845;1.5863720787835058;-0.11998670764055333;-0.44220316131806303;-0.20544163287913958;-0.11942015064920085;-0.45733004070239275;-0.18005119733460684;0.021699999706470408
MATRIZ;0.13720116795552503;0.05167707399140403;1.6053367464491193;-0.11041629790992241;-0.42527939994181674;-0.20445905289462823;-0.1132440575346399;-0.45312604521876926;-0.18007257783494257;0.024500001018168405
MATRIZ;0.12931017342683454;0.05058519133380888;1.5995178233858813;-0.10452035501026566;-0.43318147902086657;-0.20412012582564926;-0.10683014581722433;-0.44875631104842867;-0.18006978746374752;0.022799998987466097
MATRIZ;0.12383475169030798;0.05045922246733196;1.6132241932105444;-0.0952927970483207;-0.42166976871138817;-0.20368037029336744;-0.09726519076627675;-0.44281926367791363;-0.1800197969842477;0.01950000114447903
MATRIZ;0.11873418337289479;0.05094219969375266;1.6396011678603148;-0.08277465211910703;-0.3979036930797133;-0.2029995234404074;-0.08987423734253028;-0.43797670500483776;-0.1801009332847129;0.021899999410379678
MATRIZ;0.11145672535783013;0.05067342748329823;1.6372741998952045;-0.07655052217330977;-0.4022360616937719;-0.20203039899920333;-0.08319876920510655;-0.4337057816990858;-0.1800743640642974;0.02660000063769985
MATRIZ;0.10306862901538202;0.05051216415702557;1.6358780191161384;-0.06901947544562076;-0.40599079256025794;-0.20079718442580158;-0.07699417874604553;-0.42970010809080866;-0.1800592977711088;0.022899999748915434
MATRIZ;0.0979783194737216;0.05156444088509321;1.6723839391732138;-0.05360982653413254;-0.3725058747816139;-0.1997953169005946;-0.07021230931735398;-0.4251980728058899;-0.18004749589407454;0.020600000425474718
MATRIZ;0.09082032431493087;0.051605330744409414;1.6750970154379166;-0.04605878279994505;-0.37196756162417133;-0.19865896001964917;-0.06392193750964896;-0.42132758270708887;-0.1800122814863776;0.020199999198666774
MATRIZ;0.0834255272876534;0.051629864659999136;1.676724861196738;-0.03860163480677034;-0.37253512495528684;-0.1974747630448082;-0.05776938086024042;-0.41744178109673336;-0.1800208506620647;0.020899999071843922
MATRIZ;0.07768960148073327;0.05223506118687735;1.6968920444215736;-0.027332091057805763;-0.3548751290087955;-0.19642389969364799;-0.05162266285023069;-0.4134262023288695;-0.18007611858160116;0.02119999953720253
MATRIZ;0.07105947463794951;0.05259817910300428;1.7089923543564751;-0.017560228148545742;-0.3451951269872122;-0.1952766450410704;-0.045239641898102534;-0.40932006707851176;-0.18007506960782022;0.020000001313746907
MATRIZ;0.06389282717364758;0.05175319273313654;1.716252540317416;-0.008529632677531568;-0.34037755855571894;-0.19512006318685782;-0.038331382380065886;-0.40503205683680565;-0.18005647222783552;0.022500000341096893
MATRIZ;0.05746712445597863;0.0512462009112159;1.7206086518939805;-0.0011045176216688546;-0.3380976811943641;-0.19468162297974262;-0.03204004899988008;-0.4009192989081529;-0.18010721893877618;0.021300000298651867
MATRIZ;0.05042313146674558;0.05200486293760741;1.7232223188399192;0.0062033470061529095;-0.3375713130887177;-0.1928533146343766;-0.025951049179571507;-0.39706064837159427;-0.1800632009376626;0.02029999996011611
MATRIZ;0.04300816431457407;0.051397203033898414;1.7247905190074824;0.013755543508304185;-0.3382459250067864;-0.19228810056449092;-0.016346504085064075;-0.39111740669828277;-0.18005047532399837;0.026900001103058457
MATRIZ;0.03674607481934335;0.05162655665847697;1.7460507663934182;0.02589962093278625;-0.3197192174838681;-0.19154852047349769;-0.008880364451005112;-0.386394947412213;-0.18007480781648907;0.01950000114447903
MATRIZ;0.02970646825302524;0.0517641688332241;1.7588069148249796;0.036284737478529616;-0.31;-0.19057283764049437;-0.002171665896681043;-0.3820866939285437;-0.1800319686269961;0.02010000025620684
MATRIZ;0.022332971762001358;0.051349409945772424;1.7880114055502476;0.05191491200385129;-0.31;-0.1904759560807434;0.004217093180914775;-0.37786273312668434;-0.1800468158180161;0.020899999071843922
MATRIZ;0.014527055759747368;0.051100554613301416;1.8055340999854086;0.0644855859037668;-0.31;-0.1898697731307762;0.010895882543642217;-0.3737915415923013;-0.18006254415742512;0.020200001017656177
MATRIZ;0.007588960753301866;0.050951241413818814;1.816047716646505;0.07415636970019773;-0.31;-0.1891406940180514;0.01736771128963503;-0.37052857690815943;-0.1800422597703938;0.019600000086938962
MATRIZ;0.00017690595974155857;0.05026486206336932;1.8008050849768318;0.07676254581681824;-0.31;-0.1882570602838271;0.023894998441755095;-0.3677725284429769;-0.18002271080431478;0.021500000002561137
MATRIZ;-0.0066574926394343875;0.05044982588385956;1.8132103076413588;0.08684349428923277;-0.31;-0.18725964295302072;0.03060330612180276;-0.3660427715326484;-0.18002149472864046;0.019999999494757503
MATRIZ;-0.014139949906579616;0.050560804176153704;1.8206534412400752;0.0960846325574039;-0.31;-0.18611313854042022;0.037620527294753514;-0.3658139863334543;-0.18006603403311788;0.02119999953720253
MATRIZ;-0.022011242374506416;0.050627391151530185;1.8251193213993049;0.10482188470302911;-0.31;-0.1848771818787432;0.04494321223328701;-0.367352640822171;-0.18010728059629577;0.019899998733308166
MATRIZ;-0.030712627393662095;0.05007055190599614;1.8062480478285117;0.10755653518273373;-0.31;-0.18357121388661263;0.05273465194746573;-0.37078980546237145;-0.18009855782540252;0.019799999790848233
MATRIZ;-0.039845757784581784;0.050333239789435644;1.8164760853523667;0.10999999999999999;-0.31;-0.18207323438685297;0.05936177500520668;-0.3750575110178397;-0.1801145976732253;0.022000000171829015
MATRIZ;-0.049482454109774004;0.04996244344018066;1.8455106346371568;0.10999999999999999;-0.31;-0.18156220322825267;0.06534767557308385;-0.3802419103960982;-0.1801379050413879;0.024900000425986946
MATRIZ;-0.05813653066542156;0.04967158327918642;1.8184828357712228;0.10999999999999999;-0.31;-0.1798091107682937;0.06995812665894781;-0.38567509544645456;-0.18012676974210853;0.02190000122936908
MATRIZ;-0.06743191768528467;0.04956544953403112;1.8467146848884706;0.10999999999999999;-0.31;-0.17907336765300136;0.07346153664517512;-0.39129804411079294;-0.18014428118610207;0.02080000012938399
MATRIZ;-0.0753341498462048;0.04950176928693795;1.8636537943588192;0.10999999999999999;-0.31;-0.17825513464912074;0.07687600346011644;-0.39816490273633154;-0.18011257488939056;0.019799999790848233
MATRIZ;-0.08240048909175915;0.04886469751545418;1.8509195332705515;0.10999999999999999;-0.31;-0.17743805493825382;0.07994603038436522;-0.4055791048922691;-0.18010395505876314;0.02190000122936908
MATRIZ;-0.08889483804418488;0.048482454452563925;1.843278976617591;0.10999999999999999;-0.31;-0.1765824377689892;0.08258404547624888;-0.41345790828942025;-0.18010204398210597;0.024700000722077675
MATRIZ;-0.09504599282073342;0.04712583591228321;1.8386946426258146;0.10999999999999999;-0.31;-0.17681575161779317;0.08442751566656048;-0.4200781510566139;-0.18017316552749946;0.01939999856404029
MATRIZ;-0.10099123109175565;0.04631186478811479;1.8359440422307487;0.10999999999999999;-0.31;-0.17659037058433114;0.08631230229458692;-0.42785325282970493;-0.18016975267695579;0.020900000890833326
MATRIZ;-0.10568564675691552;0.04695075481616029;1.8342936819937092;0.10999999999999999;-0.31;-0.17516040379977443;0.08785297890610362;-0.4355769401584652;-0.18014527482520734;0.02099999983329326
MATRIZ;-0.1093643282226647;0.04567633485865442;1.8117526641851542;0.10999999999999999;-0.31;-0.17528973770122258;0.08921424596654559;-0.44363434071228314;-0.1801136342397162;0.020700001186924055
MATRIZ;-0.113759772348234;0.04600580050721079;1.7982280535000212;0.10999999999999999;-0.31350522208029163;-0.1739333688190589;0.09024536707426958;-0.45055022607077805;-0.18010208980032189;0.021899999410379678
MATRIZ;-0.11858527406969535;0.045109362273284714;1.7901132870889416;0.10999999999999999;-0.3227061584715145;-0.17384427034158348;0.09129196878758891;-0.4583369658208632;-0.18016912171478128;0.02069999936793465
MATRIZ;-0.1211054490603802;0.04407133127667313;1.7649250999568955;0.10999999999999999;-0.3475647230193617;-0.17386570943612578;0.09252307594872727;-0.46901414118845486;-0.1801353076947537;0.02049999966402538
MATRIZ;-0.12518091534310286;0.04394868073496212;1.770131514963066;0.10999999999999999;-0.3437704834294839;-0.17344905152621864;0.09340726461162054;-0.4783135089223525;-0.1801025590849883;0.022199999875738285
MATRIZ;-0.12981443035885623;0.04387509040993552;1.7732553639667683;0.10999999999999999;-0.3421225640700851;-0.17284443359466942;0.09404607690140356;-0.4857807995222172;-0.18014801796413388;0.020900000890833326
MATRIZ;-0.13209437131205232;0.044393625278207505;1.7548103460835915;0.10999999999999999;-0.36036145653844076;-0.17152831761958665;0.09462011585700879;-0.4930079174223755;-0.1801633761362666;0.01959999826794956
MATRIZ;-0.13615073918634568;0.04414205713588275;1.7640626626390836;0.10999999999999999;-0.3527057723299869;-0.17133737006508531;0.09534565167293953;-0.501316181102474;-0.18003975141437162;0.023099999452824704
MATRIZ;-0.1374904422878618;0.04301856725221244;1.7301042495174384;0.10999999999999999;-0.3856092630146575;-0.1714275407486502;0.09585009340478198;-0.5085633931264577;-0.18007151946927047;0.02099999983329326
MATRIZ;-0.14095140694763122;0.04281685426402976;1.7289196774139937;0.10999999999999999;-0.3877492405354115;-0.17103770730201523;0.09639757644595671;-0.5159459965988105;-0.18005343621525727;0.02099999983329326
MATRIZ;-0.14243750956596848;0.042223445529100644;1.7090184583823844;0.10999999999999999;-0.407229044754966;-0.17091282119329235;0.09679751378311112;-0.5230636681926673;-0.18013885619839953;0.019999999494757503
MATRIZ;-0.14604536155358303;0.04233978123016269;1.7162682027329614;0.10999999999999999;-0.40133177327713776;-0.17038438447421292;0.09739015262783766;-0.5308951585555444;-0.18007822744499624;0.021500000002561137
MATRIZ;-0.14756054895087492;0.0419372017087804;1.701427573573765;0.10999999999999999;-0.41597226521705566;-0.17018590559909522;0.09788205595849514;-0.5392728179481597;-0.18007925386297685;0.019299999621580355
MATRIZ;-0.15053632801058542;0.04169565399595103;1.6925231960782472;0.10999999999999999;-0.4253502611980602;-0.16973189637650882;0.09822760190363825;-0.5480692435897484;-0.18008423502712845;0.023999999029911123
MATRIZ;-0.1516515251908435;0.04110387853120792;1.669027416825964;0.10999999999999999;-0.44815722684381076;-0.16958071604212085;0.09820931140631971;-0.5562724862856144;-0.18007260283483317;0.02010000025620684
MATRIZ;-0.1550575803759019;0.041195660089407546;1.6730831020295667;0.10999999999999999;-0.44525493899116686;-0.16903386074480845;0.0975417184223818;-0.5669942263671909;-0.18004416201369436;0.02330000097572338
MATRIZ;-0.15568717843023383;0.03940160625786937;1.64016563673415;0.10999999999999999;-0.477006996222342;-0.16992517582446567;0.09638162335336313;-0.5753187619414979;-0.1801048673889546;0.01990000055229757
MATRIZ;-0.15876365697604186;0.039727449888358926;1.6376128812195057;0.10999999999999999;-0.48030657755643036;-0.16904494380221569;0.09447280031733618;-0.5858138159375283;-0.1799882578665827;0.03990000004705507
MATRIZ;-0.16060954410352668;0.03891755068330033;1.636081227910719;0.10999999999999999;-0.4823567399576967;-0.16950863608271807;0.09242284297622967;-0.5930940217022261;-0.1801240812468014;0.02370000038354192
MATRIZ;-0.1617170763800176;0.038431611160265174;1.635162235925447;0.10999999999999999;-0.4835868373984564;-0.1697868514510195;0.09041701857508612;-0.5991111596034081;-0.18010210014420697;0.037200001315795816
MATRIZ;-0.16164077072659988;0.03774317690038395;1.6174131170716781;0.10999999999999999;-0.5005685886723457;-0.17005967581896686;0.08827935588667662;-0.6048840894497034;-0.17995990817743546;0.022899999748915434
MATRIZ;-0.1599383072089444;0.03695359813409048;1.5904478566436113;0.10999999999999999;-0.5258943065967319;-0.1704784144036595;0.08519503033575704;-0.6112947705748659;-0.17997901251971182;0.028599999495781958
MATRIZ;-0.15959456187700763;0.03685636908467913;1.5905844895025767;0.10999999999999999;-0.5256718434884959;-0.17063326080516358;0.0821244023854771;-0.6170207806193649;-0.18003614508234767;0.019600000086938962
MATRIZ;-0.15775673576626503;0.03737535957759159;1.5743506801021505;0.10999999999999999;-0.5406154410777797;-0.17003617639237095;0.07829773245455415;-0.6228917444432202;-0.18012780080246477;0.019499999325489625
MATRIZ;-0.1573066716644517;0.03808837329772812;1.5809261835777002;0.10999999999999999;-0.5341547368629918;-0.16956083454793638;0.07359677080644442;-0.6293590073654037;-0.18004469611794405;0.020600000425474718
MATRIZ;-0.15447630937288348;0.03716071597249698;1.5685556965472247;0.10999999999999999;-0.545223948225968;-0.1706428476529861;0.06906425438477014;-0.6346761326471875;-0.1799941838887752;0.02080000012938399
MATRIZ;-0.15182424586501853;0.0375579677102823;1.5611334043289395;0.10999999999999999;-0.5515246566351115;-0.17050566651300939;0.06427020900313057;-0.6398412207637251;-0.17994590126355314;0.02069999936793465
MATRIZ;-0.14832531549445155;0.037796318752953494;1.5566800289979683;0.10999999999999999;-0.554757050157163;-0.1707325165036533;0.05821364619220927;-0.6452162648668952;-0.18013235589135929;0.019499999325489625
MATRIZ;-0.14386518809312443;0.03755779092538661;1.5385080041393704;0.10999999999999999;-0.570851927135201;-0.17126197042556052;0.052192029905549546;-0.6502200373845747;-0.1801216132996416;0.02080000012938399
MATRIZ;-0.13932911169312634;0.03741467422884648;1.5276047892242115;0.10999999999999999;-0.5799745225866753;-0.171881072486469;0.04500049148769642;-0.6555380095838932;-0.1799717522105707;0.023099999452824704
MATRIZ;-0.13259258789241138;0.036965877389614724;1.506318958159492;0.10999999999999999;-0.5984047455904595;-0.17291341596145604;0.037777147029663845;-0.6606732746596735;-0.17993947399215052;0.020500001483014785
MATRIZ;-0.12582872245217488;0.03669659928607567;1.4935474595206606;0.10716246576460176;-0.6086809319751465;-0.17397393869195682;0.030565529772175557;-0.6652303721142313;-0.1800640048835233;0.01920000067912042
MATRIZ;-0.11904845202822543;0.03744234947722142;1.4858845603373616;0.0983926178404359;-0.6140011524071542;-0.17415630153009418;0.023512665639817434;-0.669482832618262;-0.1801147522038764;0.019999999494757503
MATRIZ;-0.11225833861404824;0.03698248253863969;1.4812868208273824;0.0906953957737256;-0.6164748812299974;-0.17560190332415682;0.016237134883471067;-0.6736624324432189;-0.18000724703357968;0.022399999579647556
MATRIZ;-0.10455500235246523;0.03670656237549066;1.4785281771213947;0.08265089072570447;-0.6169165219669259;-0.17705741992793916;0.00891477140599875;-0.6771899993902787;-0.17999696695378878;0.019199998860131018
MATRIZ;-0.09727585779665568;0.03619536568587964;1.4628311793591124;0.0712281414648594;-0.6298563083812845;-0.1783710915549353;0.0022154724745392465;-0.6796966140120546;-0.17999963787560253;0.019099999917671084
MATRIZ;-0.08936551399802363;0.03677436193839961;1.453412980701743;0.06089877806494798;-0.6365403763713771;-0.17885969003943286;-0.006089812202212895;-0.6818444989744772;-0.18003464883143439;0.023399999918183312
MATRIZ;-0.08174613705015868;0.036581690015346606;1.4618038730460112;0.05620749058045088;-0.62634932765981;-0.1804824807754667;-0.01331887196393396;-0.6826374634646911;-0.1800832131653355;0.022700000045006163
MATRIZ;-0.07327093751272348;0.0366559904308037;1.43940789288862;0.04159444598012457;-0.6453039463381192;-0.18125437016528456;-0.020649119120456704;-0.6822555490228618;-0.17999174306806326;0.025400000595254824
MATRIZ;-0.06472535274988689;0.036700570680077954;1.4259703047941854;0.029559804240212817;-0.6556826138514331;-0.18227830325548078;-0.02766230637630516;-0.6806051166205966;-0.17994249975808485;0.01990000055229757
MATRIZ;-0.05613753685180947;0.03672731882964251;1.4179077519375247;0.01907220421654976;-0.66091571066575;-0.18345346256590395;-0.03411441343010877;-0.6772468916661293;-0.18000310522898724;0.022300000637187622
MATRIZ;-0.047524382272587554;0.03674336771938124;1.4130702202235281;0.00951282922263591;-0.6630614650606685;-0.18471935760846336;-0.03937168915226896;-0.672538529016881;-0.18005822337956748;0.02119999953720253
MATRIZ;-0.03889602448467894;0.03675299705322448;1.4101677011951304;0.0005103892465715965;-0.6633548140039482;-0.18603969409030446;-0.04419373261734587;-0.6673565779638533;-0.17997610325272734;0.020500001483014785
MATRIZ;-0.031123661031652164;0.036758774653530425;1.4084261897780914;-0.0073411859738541085;-0.6627852455996626;-0.1872524955716382;-0.04900318842082791;-0.6608122489854821;-0.17997361232953002;0.020899999071843922
MATRIZ;-0.023102767950424187;0.037112407318990084;1.4207699869531305;-0.011327290563956816;-0.6486644424831407;-0.18849467113180013;-0.05299952245543067;-0.6539842286281061;-0.18012022196511324;0.019799999790848233
MATRIZ;-0.01563308930282767;0.03821030118455245;1.4281762652581538;-0.01635851808923361;-0.6393665999620137;-0.18879683402011904;-0.05758989747312056;-0.645719692831402;-0.1801082712325779;0.029799999538226984
MATRIZ;-0.008494139315410022;0.0379833232376033;1.432620032241168;-0.02175458426631982;-0.6330865958566989;-0.19028250193735774;-0.06132230126682174;-0.6387979185629827;-0.17996486304942358;0.032500000088475645
MATRIZ;-0.002439340790386279;0.03873285073572038;1.4352862924309764;-0.026795639671597538;-0.6287476759496047;-0.1905872222838445;-0.06528435074929871;-0.6319959292432538;-0.18007107078007017;0.026699999580159783
MATRIZ;0.003980297845383297;0.03957141740027742;1.4509278600835511;-0.02836988037299948;-0.6119026012941129;-0.19116930385870928;-0.06957673706871735;-0.6258823279429503;-0.1801165747236366;0.04309999894758221
MATRIZ;0.01035960710380918;0.03968570723332485;1.4462709891364063;-0.03578171176874065;-0.6145106199682004;-0.19198053117312458;-0.07454537973218683;-0.6205801900267186;-0.1800489369759054;0.022100000933278352
MATRIZ;0.015958621191437865;0.03975428113315331;1.4434768665681195;-0.04190110875056374;-0.6155665447580354;-0.1927543434739301;-0.08048484799329207;-0.6160247375808527;-0.1800311325394281;0.01860000156739261
MATRIZ;0.02318492851390038;0.04109159269200635;1.455842204565837;-0.04527636393215287;-0.6015845363452004;-0.19289785906361467;-0.08707474654872666;-0.612716470419278;-0.1800236727611853;0.023600001441081986
MATRIZ;0.030242664067185426;0.04098666257404901;1.4632614073644676;-0.04973683035331719;-0.5924769278611379;-0.19432015250860568;-0.09350752731370861;-0.6112882179626238;-0.18008950382593852;0.020599998606485315
MATRIZ;0.03810657361223316;0.04183102155654378;1.467712929043646;-0.05597359755779596;-0.5859062222327016;-0.19486661665727334;-0.10029283782864269;-0.6116261644865475;-0.1800913692228623;0.02330000097572338
MATRIZ;0.0464541875523385;0.04233763694604063;1.4703838420511528;-0.06314182968847806;-0.5809212022988623;-0.19578265067381867;-0.10678430699622132;-0.6131422255032687;-0.18009453886543736;0.023099999452824704
MATRIZ;0.05355822625371386;0.04223115322706936;1.4579445783169673;-0.07349898035645977;-0.5907708853955871;-0.19674554206774103;-0.11335868427797187;-0.616553200618808;-0.18001204173482765;0.02119999953720253
MATRIZ;0.06136350653968539;0.04305297726197317;1.450481020076456;-0.08318898460065322;-0.5956008913950992;-0.19702367241239438;-0.1182076784070632;-0.6213781605938032;-0.17997169882748515;0.019799999790848233
MATRIZ;0.06781810324384147;0.043546071682915466;1.4460028851321494;-0.09067528529154764;-0.5979900085801886;-0.1974776265313427;-0.12235539011327973;-0.6268084933645135;-0.180002734960178;0.0228000008064555
MATRIZ;0.07270016356977796;0.04342996821162662;1.429927300140303;-0.10000516789103175;-0.611952404526551;-0.1980041395787131;-0.12596442158002255;-0.6334951783398369;-0.18005622607478505;0.024599999960628338
MATRIZ;0.07659282469135348;0.04296707146517428;1.4075018225756266;-0.1102212858999902;-0.6322892711098904;-0.19856263613877312;-0.12875425668492624;-0.6400174592924689;-0.18008162108918824;0.02119999953720253
MATRIZ;0.08142546147866062;0.0430825680809819;1.4068266626063894;-0.11499958323581322;-0.6315378583507005;-0.19921594479947685;-0.13165719528753034;-0.6476394280731649;-0.18002000606614565;0.019799999790848233
MATRIZ;0.08519015981113878;0.043151866050466475;1.406421566624847;-0.11868326538223617;-0.630838484771769;-0.19974812985997542;-0.13420611649569192;-0.6540952600797558;-0.1800343157532943;0.021899999410379678
MATRIZ;0.08746864054380962;0.042800210168478195;1.3933983824663532;-0.12462071357943522;-0.6426494088291146;-0.2001570843216472;-0.13689454492152245;-0.6614477696363614;-0.18007343971616666;0.02069999936793465
MATRIZ;0.08968118351032205;0.04258921663928522;1.385584471971257;-0.12898132479393531;-0.6494930856565455;-0.2005394705021794;-0.14035629312572573;-0.6693245844925603;-0.17994712700441917;0.021300000298651867
MATRIZ;0.09185416381713941;0.04246262052176944;1.380896125674199;-0.13239583381881606;-0.6533564141460277;-0.20090591571402794;-0.14621672743690411;-0.6795526586816135;-0.1800912476430342;0.020400000721565448
MATRIZ;0.09484886105504967;0.04238666285125997;1.3780831178959643;-0.1360408238261057;-0.655188656025764;-0.2013998098481954;-0.15029015202302712;-0.6857316275473978;-0.18003535272285992;0.02099999983329326
MATRIZ;0.09833658845161565;0.0431865427758642;1.3763953132290234;-0.13994926008864067;-0.6557430345026052;-0.20113613321592377;-0.15496971579521937;-0.6917889386237308;-0.18007693589702004;0.02049999966402538
MATRIZ;0.10033528549767637;0.048231925175940285;1.3631705094846045;-0.1464809637446094;-0.6674489555998366;-0.1961708168977706;-0.16026992180060445;-0.6971487916966904;-0.1800651660819534;0.020900000890833326
MATRIZ;0.1111489962680468;0.040260893987662166;1.343554468073884;-0.16129128087963263;-0.6836396022011664;-0.20532397091415877;-0.178965853975481;-0.7091393012236165;-0.17929906130849643;0.02190000122936908
MATRIZ;0.1173447157986647;0.039194833935080046;1.3206007546661087;-0.17374798203926486;-0.7038617166678509;-0.20683825835715103;-0.1815862125086726;-0.7096497850873648;-0.17746511006272422;0.022199999875738285
MATRIZ;0.12185363686137665;0.04013817659221317;1.3068285266214434;-0.18220353753551963;-0.71;-0.20631349175082309;-0.1838562803315686;-0.7100323671296388;-0.17457454072314532;0.02229999881819822
MATRIZ;0.12729478962400925;0.041874209912910465;1.3097492783559872;-0.1867363152082953;-0.71;-0.20555158135731244;-0.18613614748185572;-0.7101232611429583;-0.170105363589324;0.019600000086938962
MATRIZ;0.12830187263545617;0.043724525539764414;1.2895995559640836;-0.1939000031048028;-0.71;-0.20341414461962443;-0.18878314801670013;-0.710198145729802;-0.16277417156487295;0.020000001313746907
MATRIZ;0.13045612240832583;0.04715971486487905;1.2775097225289413;-0.20000566029998823;-0.71;-0.20008926367061475;-0.19076522174617958;-0.7102587622193892;-0.1562766411894737;0.020899999071843922
MATRIZ;0.13569106348992105;0.052556697951994566;1.292157995900486;-0.20142907892109302;-0.71;-0.19595905004050967;-0.19252624332525728;-0.710264482298021;-0.15025289177773604;0.019699999029398896
MATRIZ;0.13643963688700628;0.05788401819322243;1.2790447864907828;-0.20678946168830964;-0.71;-0.19051564091070405;-0.19452619892104694;-0.7101626431738544;-0.14330603630781136;0.020600000425474718
MATRIZ;0.13885101492476998;0.06480700600089895;1.2818949457162478;-0.20925067556413723;-0.71;-0.18414413722878087;-0.19666920709402136;-0.7102703524534328;-0.13559140539459036;0.019499999325489625
MATRIZ;0.13988560771391717;0.07065920290357035;1.2728869563802399;-0.21374877557268346;-0.71;-0.17832612721122504;-0.1987094625687542;-0.7101547047041946;-0.1278262394670983;0.021099998775753193
MATRIZ;0.1425015761095989;0.07880403158183728;1.2782002476499221;-0.21585800901019697;-0.71;-0.17084053679909883;-0.20060299896162523;-0.7101282327416896;-0.12077789928023729;0.021500000002561137
MATRIZ;0.14362594439081602;0.0852574181161394;1.2706701375404443;-0.22009425939918317;-0.71;-0.16447886416446272;-0.20248350336151;-0.7101784874961122;-0.11322879526591678;0.020400000721565448
MATRIZ;0.14430056535954627;0.09300444995172445;1.2661520714747576;-0.22320964893415782;-0.71;-0.1568391767011249;-0.20442151312323617;-0.7101352920264034;-0.10552293573943478;0.021500000002561137
MATRIZ;0.14625533790678596;0.10075266898507851;1.2634412318353458;-0.2270010549727401;-0.71;-0.1494484085402141;-0.20598684594841535;-0.7101229813604824;-0.0987083810643814;0.022500000341096893
MATRIZ;0.14742820143512975;0.10927660032009472;1.2618147280516987;-0.22984953789747234;-0.71;-0.14119126376111144;-0.20784537372506365;-0.7101597972750476;-0.09000172485042593;0.02260000110254623
MATRIZ;0.14968191951813756;0.11749095905310745;1.2608388257815104;-0.23348079996990925;-0.71;-0.13343002121074177;-0.2092471773506733;-0.7102079164827516;-0.08299966842481357;0.0259000007645227
MATRIZ;0.15103415036794224;0.12629457420791887;1.2602532844193974;-0.2362331965149543;-0.71;-0.12495059179796376;-0.21076350425323412;-0.7101533443759098;-0.0751702905126913;0.020000001313746907
MATRIZ;0.15339548884382653;0.13467674323280876;1.2599019596021295;-0.23980680675957886;-0.71;-0.11705597846738885;-0.21214156254155453;-0.7102751321388562;-0.06788397568912921;0.021099998775753193
MATRIZ;0.15481229192935714;0.14280604457974572;1.2596911647117688;-0.24240988434761998;-0.71;-0.10926106336299897;-0.21370541369561435;-0.7101664621835764;-0.05988695393246332;0.019499999325489625
MATRIZ;0.15643737376367622;0.15233362528591243;1.2595646877775524;-0.24539172850050972;-0.71;-0.10012248935286602;-0.2154179211396977;-0.7101826969741687;-0.05164353919520684;0.022199999875738285
MATRIZ;0.15818742284726844;0.16115017364161546;1.2594888016170227;-0.24837137687167543;-0.71;-0.09170679355230978;-0.21705930124910475;-0.7101885318266358;-0.04386630750132742;0.02159999894502107
MATRIZ;0.15923745229742378;0.16954010258704033;1.2594432699207048;-0.25061807733564123;-0.71;-0.08359922896593107;-0.21866759657229973;-0.7102355963324412;-0.036339699399807496;0.021099998775753193
MATRIZ;0.15931389855108788;0.17688324357711382;1.2491353388835162;-0.2548155152204553;-0.71;-0.0761244635712353;-0.22029687068145054;-0.7100573759250178;-0.028689829639410247;0.021400001060101204
MATRIZ;0.16146333768571697;0.1867299443783469;1.2532311922806008;-0.25709509982440626;-0.71;-0.06685565463531089;-0.22179605936725896;-0.7101885226385882;-0.021404042121392297;0.019299999621580355
MATRIZ;0.16352800114949517;0.1965129647740905;1.2556887043188516;-0.2597681203265253;-0.71;-0.05759728110276848;-0.22337354560464232;-0.7102045440172959;-0.013234557302118033;0.018999999156221747
MATRIZ;0.16554179921076284;0.2054827769435397;1.257163211541802;-0.2625624745072286;-0.71;-0.04910970558876651;-0.2247384873879116;-0.7102010509727422;-0.005489023868871484;0.031099998523131944
MATRIZ;0.16537405766954252;0.2128733376705377;1.2477673038561747;-0.2662675941704397;-0.71;-0.0415701014283571;-0.22599336545431423;-0.7100776940409759;0.0021551501047987753;0.021300000298651867
MATRIZ;0.1660325964016274;0.22110359239082183;1.2421297592447982;-0.2697692975501609;-0.71;-0.03342470154012347;-0.22717332993672176;-0.7101985408049271;0.00992048330762621;0.019799999790848233
MATRIZ;0.1685945563280437;0.23108715327558907;1.2490278444973701;-0.27163263176217334;-0.71;-0.024153834403159075;-0.2285157302365924;-0.710225606600905;0.019181171807862857;0.020799998310394585
MATRIZ;0.18609135112698474;0.3209756506977989;1.2520406795272576;-0.3005690020242186;-0.71;0.061614504174333604;-0.2409860729806566;-0.7099611714490324;0.06811851123989604;0.024200000552809797
MATRIZ;0.18682980902726415;0.3220103875798055;1.2549743966668458;-0.300554612364596;-0.71;0.06244639439341722;-0.24099276804508926;-0.7099582390536863;0.06816062362884798;0.019499999325489625
MATRIZ;0.18727288376743179;0.3226312297090095;1.2567346269505988;-0.3005459785688225;-0.71;0.06294552852486737;-0.24103071512156896;-0.7099266405524287;0.06801788268831324;0.020900000890833326
MATRIZ;0.18753872861153237;0.3230037349865319;1.2577907651208504;-0.3005407982913584;-0.71;0.06324500900373753;-0.24099917097193443;-0.7099563128903699;0.06712077420883933;0.020200001017656177
MATRIZ;0.18769823551799272;0.3232272381530453;1.2584244480230014;-0.30053769012488;-0.71;0.0634246972910596;-0.24083442332379254;-0.7101051673115512;0.06439205748663046;0.022000000171829015
MATRIZ;0.1877939396618689;0.32336134005295336;1.258804657764292;-0.3005358252249929;-0.71;0.06353251026345282;-0.24032510209802008;-0.7101729659852813;0.0598145307755267;0.036899999031447805
MATRIZ;0.1863171785083768;0.3200412910634051;1.2487521715896686;-0.30161314746821855;-0.71;0.060733734032546824;-0.23954314110577146;-0.7102153619268574;0.054180889863809784;0.021899999410379678
MATRIZ;0.1869653054560994;0.3183497718671663;1.2530012919042923;-0.30072218818972973;-0.71;0.058859785202300244;-0.23812734965224094;-0.710200346871958;0.047009635044687414;0.038300000596791506
MATRIZ;0.18506081432809807;0.31247924821103046;1.2452701520736689;-0.30033394718985407;-0.71;0.05355952761871342;-0.23653046031814118;-0.7101930338008241;0.04027736991812167;0.021899999410379678
MATRIZ;0.18171648704652776;0.30355154638081144;1.2307620806366728;-0.30013134502855365;-0.71;0.04563656500908918;-0.2344779975926467;-0.710227001494147;0.03310211070441865;0.019799999790848233
MATRIZ;0.18265489061298845;0.29993092524460174;1.2422072373324948;-0.2971078393861172;-0.71;0.04164277066973891;-0.23196887970479516;-0.7102410667710733;0.025513048787322523;0.02049999966402538
MATRIZ;0.17878493285010055;0.2893265527478277;1.2289243317919685;-0.29579970119189836;-0.71;0.032122056856858816;-0.22898957443970142;-0.7102391970748576;0.017634293513379334;0.019499999325489625
MATRIZ;0.17934595812913062;0.2844209292178047;1.2411045880256721;-0.29201304146494356;-0.71;0.0269044262129364;-0.22611346462017282;-0.7102315169119353;0.01052014342412641;0.02029999996011611
MATRIZ;0.17813257333054713;0.2776025551847871;1.2484127417658946;-0.28770414545085654;-0.71;0.020202355367163596;-0.22304038696386622;-0.7100908414802779;0.0036613636580914155;0.021800000467919745
MATRIZ;0.17444688945504722;0.2675329594675422;1.24251702199063;-0.28447179227726627;-0.71;0.011005079854946323;-0.21968279744347313;-0.7100111110928355;-0.003312344648423532;0.02159999894502107
MATRIZ;0.17071711181611315;0.25845446740992695;1.2389795901254714;-0.2806494360619962;-0.71;0.0027370436745630528;-0.21580739342485186;-0.7091743918842778;-0.010957058372318917;0.02300000051036477
MATRIZ;0.16696087791911857;0.24921145389127244;1.2368571310063763;-0.27636069154630605;-0.71;-0.005722382891873615;-0.21170267087724695;-0.7082356501623664;-0.0185019184296972;0.022799998987466097
MATRIZ;0.16450152534053386;0.24252687029485415;1.245864267554317;-0.27039459050865094;-0.71;-0.012130626380377305;-0.2075193785655112;-0.7065373673924464;-0.02612100345688978;0.02390000008745119
MATRIZ;0.16147591382738152;0.2346411202219994;1.2512685494830813;-0.2647780297081438;-0.71;-0.01954706493289886;-0.20371289016298028;-0.7048357125173069;-0.03244746604115048;0.020599998606485315
MATRIZ;0.1581105469534886;0.22603467026328278;1.25451111864034;-0.2593711930499254;-0.71;-0.027568420523831134;-0.1982233664072806;-0.701669220213191;-0.041031068198078974;0.020200001017656177
MATRIZ;0.15454132686315136;0.21777080035604976;1.2564566601346951;-0.2542049187373969;-0.71;-0.03518818956129864;-0.1942879589208652;-0.698823046172128;-0.04682708901554375;0.021500000002561137
MATRIZ;0.15337696870055867;0.21314943492605815;1.2795261584639384;-0.2456219498396669;-0.71;-0.040102650727057154;-0.19042338387812444;-0.6957932232353512;-0.052400667503541304;0.024199998733820394
MATRIZ;0.1490134140129014;0.20545561670107224;1.2821837689001412;-0.2395803011722234;-0.71;-0.047048132132372425;-0.1868827484368217;-0.6922490101132096;-0.057494725818188125;0.05380000038712751
MATRIZ;0.1468254384526664;0.19929075965758702;1.294962423723206;-0.23283568924644624;-0.7086722294518999;-0.05307661073837926;-0.18320269574422496;-0.6883324279533852;-0.062284738849111065;0.02049999966402538
MATRIZ;0.14389526184765425;0.19316575852818918;1.302629616617045;-0.2269028930920781;-0.7026186091872226;-0.05882491763039749;-0.17936154211297292;-0.6839146881928302;-0.06699235919340679;0.02029999996011611
MATRIZ;0.1405197646157758;0.18706467094724377;1.3072299323533483;-0.2214571864005555;-0.6996209835306813;-0.06440512149402255;-0.17571834148793897;-0.6791644087003434;-0.0711484026075003;0.01959999826794956
MATRIZ;0.13687707500777763;0.1809779314953698;1.3099901217951302;-0.21630373338674014;-0.6984569546390218;-0.06988446354061174;-0.17227385646664317;-0.6743336517651719;-0.07490514840617513;0.020700001186924055
MATRIZ;0.13307406997410756;0.1748998009209387;1.3116462354601994;-0.21132563257954898;-0.6983930838062911;-0.07530328849697938;-0.1683892788147231;-0.6684724376935709;-0.07888497769462008;0.021200001356191933
MATRIZ;0.12917487568503438;0.16882683567297335;1.3126399036592409;-0.20645274309633263;-0.6989893078089175;-0.08068580319921409;-0.16453397075237622;-0.6623194754296462;-0.08269994943247058;0.022000000171829015
MATRIZ;0.12521796784271932;0.16356566525532298;1.3132361045786658;-0.20176269643565736;-0.6999249516860173;-0.0852487542430443;-0.16119613928799406;-0.6564737337104201;-0.08605321820366718;0.02069999936793465
MATRIZ;0.12307744632061168;0.1593127311447201;1.32527498429439;-0.1955639620223705;-0.6893371688105567;-0.08938136252366352;-0.15754181604638792;-0.650403227660596;-0.08937789099711335;0.02119999953720253
MATRIZ;0.12203737582623217;0.15646036462434598;1.3447104330680788;-0.1884313223316402;-0.671269338028252;-0.09248512673808579;-0.15342258720929935;-0.6434455272650385;-0.0928242532781467;0.023299999156733975
MATRIZ;0.11972242447578466;0.15305803565830167;1.356371702332292;-0.1823051385932409;-0.6610328176469167;-0.09574143849934168;-0.14968228657281832;-0.636706102776748;-0.09592967344481965;0.024000000848900527
MATRIZ;0.1166425446116963;0.14932572922485524;1.3633684638908201;-0.17678282842624027;-0.6554950835061637;-0.09908927878869775;-0.14622410085656878;-0.6305336292080315;-0.0987168607390384;0.02049999966402538
MATRIZ;0.11394916216633337;0.14539543631096755;1.3675665208259369;-0.17242098469825948;-0.6525337435027831;-0.10262904969844307;-0.14291443425292072;-0.6240998215257333;-0.10138087531749898;0.023199998395284638
MATRIZ;0.11249042656458723;0.142604702432588;1.3828654815565755;-0.16612144556845174;-0.6385333908749615;-0.10550658990181633;-0.1391654446420699;-0.6166986445930591;-0.10425741555527816;0.019799999790848233
MATRIZ;0.10892152775733818;0.13798100212796754;1.37926473142539;-0.1631290974318448;-0.6433222064931812;-0.10940455633504843;-0.13579461943164134;-0.6101988907622381;-0.10661661927956964;0.019799999790848233
MATRIZ;0.10687849713890851;0.1355606931425064;1.3898844079162473;-0.15771199704624414;-0.6339338117810878;-0.1117116034966113;-0.13251321315109385;-0.6039712559143375;-0.10873431283684394;0.02099999983329326
MATRIZ;0.10575566879881426;0.13359355759641195;1.4096449178360242;-0.15053646625642653;-0.615517232181855;-0.11393634433031039;-0.12917420840017566;-0.5970962247578919;-0.11087837002125685;0.02190000122936908
MATRIZ;0.10331054326218456;0.13152756200246868;1.4215012237878901;-0.14442773208351;-0.6050382018662206;-0.11585786923438635;-0.12547537599553524;-0.5896680751681648;-0.11313475411587182;0.020900000890833326
MATRIZ;0.10095775367392017;0.12851653611352956;1.4286150073590096;-0.1396641073982759;-0.5991292889427244;-0.1186147588527794;-0.12170413148046648;-0.5819120837685645;-0.11530979912302577;0.022500000341096893
MATRIZ;0.09777465138838837;0.12493849204759296;1.4328832775016815;-0.1348713993334618;-0.5962168896618196;-0.12172932934368451;-0.11820073185541721;-0.574849751472357;-0.11713757823799335;0.02049999966402538
MATRIZ;0.0958647900170693;0.12305089905182218;1.4494860511259742;-0.12789538352255767;-0.5810373703068843;-0.12367356836037083;-0.11463591431459422;-0.5677671159587334;-0.11892636396887643;0.02069999936793465
MATRIZ;0.09381155614100867;0.12101102620109053;1.4594477153005498;-0.12271891554023112;-0.572253851814339;-0.12558814033421814;-0.10973738962922296;-0.5584452085425832;-0.12124979565088648;0.02370000038354192
MATRIZ;0.09076498170883393;0.11797246838411318;1.4654247138052952;-0.11763131775926733;-0.5676321269596436;-0.12823294064619753;-0.10617967916318566;-0.5513865947052039;-0.12300831929960337;0.01990000055229757
MATRIZ;0.08886898827053391;0.11635348003091234;1.4837548150237665;-0.11019903418288862;-0.5507797227551454;-0.12995519453392324;-0.10290556754558296;-0.545036555071101;-0.1244683091268774;0.020899999071843922
MATRIZ;0.08507748982674154;0.11427062362873709;1.4800089736392252;-0.10741544454508034;-0.5555931409229322;-0.1313071239661837;-0.09963544936809154;-0.5393801904786559;-0.1257575909719881;0.021300000298651867
MATRIZ;0.08443110854838518;0.11434698855759459;1.5080053705841396;-0.09856471583766463;-0.5290289586651198;-0.13178744113019125;-0.09566676431032882;-0.5331023530751856;-0.12727926871522088;0.0197000008483883
MATRIZ;0.08134866445586103;0.11231819217579937;1.5093032090910732;-0.09497190006197251;-0.5288167484106321;-0.13331992367241804;-0.09194573260561047;-0.5269540208068777;-0.1287944051093851;0.019400000383029692
MATRIZ;0.07933227492708485;0.11031399128705995;1.5255819118552485;-0.08797357389186578;-0.5139855783836669;-0.13535428796295151;-0.088123195777236;-0.5211946957838917;-0.13014358029116058;0.018599999748403206
MATRIZ;0.07621474894397112;0.10911147075381629;1.5353491335137537;-0.081973641726625;-0.5056349078909219;-0.13626574786264167;-0.08354472487432406;-0.5145985327765744;-0.13166634740817268;0.02010000025620684
MATRIZ;0.07339038722117888;0.10648226616802206;1.5412094665088567;-0.07719080715511284;-0.5010321266508428;-0.1385399811457838;-0.07915144411133374;-0.5085148982109664;-0.13314411161405507;0.022100000933278352
MATRIZ;0.06978807792165552;0.10585858954946954;1.5447256663059186;-0.07266137346941837;-0.49875168678330417;-0.13865439410071767;-0.0745233276848719;-0.5024032309665556;-0.13455179371818926;0.01959999826794956
MATRIZ;0.06732547777364971;0.10463094230151129;1.5631511752999612;-0.06472400239310733;-0.48194350513869155;-0.13990101719635278;-0.07013286331057868;-0.4964862144883534;-0.13600189667702384;0.01990000055229757
MATRIZ;0.06389002299094958;0.10389435395273634;1.5742064806963865;-0.05811325021932348;-0.47242104955755426;-0.1403316966245084;-0.06494697949557063;-0.4899892888793257;-0.13754288028132822;0.02320000021427404
MATRIZ;0.059870855427432854;0.10247345359652305;1.580839663934242;-0.05215354998455071;-0.4673385902258196;-0.1412385405172431;-0.058199160535429846;-0.48158665879004325;-0.1395613770109238;0.021899999410379678
MATRIZ;0.056030620923506344;0.10069488210865477;1.6020172975395608;-0.042022903810678164;-0.44833569005623986;-0.1428703113187123;-0.05277301631642224;-0.47451923798707446;-0.1412288888706088;0.02570000106061343
MATRIZ;0.05171566945444578;0.09962773921593379;1.6147238777027522;-0.034046231726249376;-0.43751160480351725;-0.1435235038452542;-0.048486330242131365;-0.46892385442422996;-0.14251401947910602;0.021600000764010474
MATRIZ;0.04711588780630477;0.09798204809694888;1.622347825800667;-0.027213107952373472;-0.4316652221017223;-0.14458138090069206;-0.04424699284903969;-0.46362176313831865;-0.1437288523472828;0.021699999706470408
MATRIZ;0.042345208050715503;0.09598922804220561;1.6269221946594157;-0.02106611316482923;-0.4288054609304839;-0.1458820686734675;-0.03963857741896623;-0.4574100269251868;-0.14525093049022164;0.020199999198666774
MATRIZ;0.03884045786910907;0.09479353600935964;1.6478199687296375;-0.011420951949143388;-0.40993270812027327;-0.14698659610682469;-0.03511937888093234;-0.451913959768304;-0.14653841251270844;0.0213999992411118
MATRIZ;0.03436373393834109;0.09307071540629971;1.642205480416798;-0.008594556849619933;-0.4167028484159654;-0.14782822435949003;-0.030239960085451583;-0.44540359223923165;-0.14809655927182241;0.0197000008483883
MATRIZ;0.030951573469681398;0.09097576180648076;1.6569899401840669;-0.0007055554465112968;-0.4037064309054812;-0.14969067140952783;-0.025880586135827426;-0.43994950205845845;-0.14937399128289053;0.018900000213761814
MATRIZ;0.02683761056715023;0.08971878964658939;1.6658606160444283;0.005978859897128791;-0.3965022812162442;-0.15047321774203476;-0.021162336404342286;-0.43398166642839453;-0.1508035941807363;0.023799999326001853
MATRIZ;0.022302566204296183;0.08793127303998688;1.6711830215606451;0.012093494085509748;-0.3928458617539248;-0.1516272060127048;-0.016340025381392176;-0.4279515804887103;-0.15225315475782777;0.01990000055229757
MATRIZ;0.017514872965248406;0.08685876307602537;1.6743764648703752;0.017713289100313168;-0.39124571089358695;-0.15198467707759106;-0.011658929767483357;-0.4223700759266185;-0.153570967858569;0.020900000890833326
MATRIZ;0.013697495137780725;0.08506382855147593;1.6954830066257558;0.027803825957519457;-0.3723053035068997;-0.15363461715419036;-0.006254380131129643;-0.4159751357223284;-0.1551160856124329;0.02049999966402538
MATRIZ;0.009281354202212329;0.08398686783674625;1.7081469316789843;0.03586490584509744;-0.3615517227724281;-0.1542800901055623;0.0009041074061287576;-0.4079023762515811;-0.15705627585168014;0.021800000467919745
MATRIZ;0.004505955401783504;0.08121497716882066;1.7157452867109213;0.04302299368205231;-0.3558591124995769;-0.15641989794022862;0.006242743302440567;-0.40198100657027963;-0.15843925037042697;0.022500000341096893
MATRIZ;-0.00048499811756157847;0.07848898564852141;1.7203042997300835;0.049481945223056434;-0.35312864726855286;-0.15840779912565617;0.011226596817862599;-0.39632324702401855;-0.1597470847507253;0.02080000012938399
MATRIZ;-0.004667469362776508;0.07772868483478979;1.7433590348269787;0.060338203690769754;-0.332359582512304;-0.15902386297411375;0.01605933026729168;-0.3915265230428229;-0.16085441019117774;0.021800000467919745
MATRIZ;-0.009365187356025246;0.0761783867234909;1.757191875885116;0.06907970757607695;-0.32060339461867304;-0.16011822413501103;0.021958132078597634;-0.38579377954913563;-0.16226540709093967;0.022000000171829015
MATRIZ;-0.014372053398094269;0.07524820785671157;1.7654915805199982;0.07639038996796405;-0.31417830627702203;-0.16042021764594444;0.02818099579491373;-0.380635617868806;-0.16362353222526438;0.01930000144056976
MATRIZ;-0.019564408269455463;0.0735959829135841;1.7704714033009277;0.08300454820777542;-0.31102850423214967;-0.1613261366043272;0.03491970004240886;-0.37571636296569094;-0.16497842397038426;0.02080000012938399
MATRIZ;-0.025265917392231923;0.0723394073118143;1.7950100986358164;0.09580569587911941;-0.31;-0.16222060626533663;0.041272550367410184;-0.3715246298459827;-0.16631419751845578;0.018999999156221747
MATRIZ;-0.03206864097353746;0.07045818924820588;1.8097333158367497;0.10684583055438152;-0.31;-0.16332128754093284;0.04815190716403553;-0.36873411927876937;-0.16759845302098994;0.021800000467919745
MATRIZ;-0.0389353017992005;0.06853373650236089;1.7970164444909786;0.10986487029038988;-0.31;-0.16380697787375575;0.05540268090904424;-0.3669390536221636;-0.16907590759050942;0.02119999953720253
MATRIZ;-0.04661118056954297;0.0678577413149426;1.833834850120324;0.10999999999999999;-0.31;-0.16409840546649845;0.062296593534984686;-0.3668245833913813;-0.17037553563642838;0.02179999864893034
MATRIZ;-0.055021253202843075;0.06551464424498975;1.8330281667274542;0.10999999999999999;-0.31;-0.16502791200549427;0.06850919735068016;-0.368422146644978;-0.17160830482204478;0.02190000122936908
MATRIZ;-0.06323775125873532;0.06488378598601878;1.8554418834622093;0.10999999999999999;-0.31;-0.16484740970619272;0.07573845876626273;-0.373116072857404;-0.17315090271392067;0.021300000298651867
MATRIZ;-0.07063355912909125;0.0626029983450889;1.8459923867325854;0.10999999999999999;-0.31;-0.16567594468555696;0.08073391373263578;-0.3783663789886495;-0.1741986497198979;0.029299999368959107
MATRIZ;-0.07958013466149103;0.060811798497076006;1.863220415465288;0.10999999999999999;-0.31;-0.1663994782396483;0.08473430938369518;-0.3844875648313765;-0.17499463305386775;0.025699999241624027
MATRIZ;-0.08727307992993316;0.05973707858826828;1.8735572327049097;0.10999999999999999;-0.31;-0.1664568112373979;0.08741807896545627;-0.3903374456567517;-0.17548699519886773;0.025499999537714757
MATRIZ;-0.09407293795218238;0.05726042850134549;1.8568615962782058;0.10999999999999999;-0.31;-0.16740421521951668;0.08989545645363609;-0.39778603710750116;-0.17606390969373267;0.02320000021427404
MATRIZ;-0.1006187618023525;0.05644375661632883;1.8697419411926604;0.10999999999999999;-0.31;-0.16745288432067526;0.09165844617726536;-0.4042203664403396;-0.17639538520383716;0.02209999911428895
MATRIZ;-0.10687125606145684;0.055953753485318836;1.8774701481413332;0.10999999999999999;-0.31;-0.16710529864666523;0.09328584250449735;-0.4122332170453139;-0.17674631877035513;0.033599999369471334
MATRIZ;-0.11146820714382935;0.054990433439575825;1.85920934554006;0.10999999999999999;-0.31;-0.16687988430821588;0.09448883367951533;-0.4194462731041516;-0.1769081304119819;0.0197000008483883
MATRIZ;-0.11535365049579942;0.053285168709583455;1.8482528639792961;0.10999999999999999;-0.31;-0.1676740045268813;0.0954863129119748;-0.4268563799222024;-0.17716772524827956;0.022399999579647556
MATRIZ;-0.11993946191207457;0.052262009871588036;1.8416789750428375;0.10999999999999999;-0.31;-0.16778510731533608;0.09636983352571919;-0.4343142261652389;-0.17734161135786009;0.02049999966402538
MATRIZ;-0.12229308780799969;0.051051323138030846;1.8161838400146313;0.10999999999999999;-0.31;-0.1679966213644945;0.09741080644365532;-0.444131959256909;-0.1775255222177318;0.026900001103058457
MATRIZ;-0.12589349859167454;0.05032491109789654;1.8008867589977076;0.10999999999999999;-0.31414862426789436;-0.16776890660838462;0.09818460687197263;-0.4530303081455171;-0.17765954580933002;0.047700001232442446
MATRIZ;-0.12805374506187944;0.04988906387381595;1.7917085103875532;0.10999999999999999;-0.3235675710474222;-0.16763227775471867;0.09876388983737593;-0.4611800106178015;-0.17780380629841208;0.023099999452824704
MATRIZ;-0.13153812819012217;0.049627555539367596;1.7862015612214606;0.10999999999999999;-0.3298475635096667;-0.1671956772569142;0.09929832582799997;-0.46947590004848133;-0.17792934775674718;0.023799999326001853
MATRIZ;-0.13419144713035577;0.047845104355866745;1.7625780644364073;0.10999999999999999;-0.3533017880509597;-0.16796681826963974;0.09984053471178417;-0.4766100313291373;-0.17795518480822164;0.025600000299164094
MATRIZ;-0.13740898467732776;0.04730706220553818;1.768723293650773;0.10999999999999999;-0.3483933446719072;-0.1681211244176895;0.1002514620755942;-0.48408330127638005;-0.17810231017305234;0.05199999941396527
MATRIZ;-0.1398396752617669;0.04751566547511299;1.7520911038939948;0.10999999999999999;-0.3649654832106999;-0.16712908789230188;0.10064831966262172;-0.49204833769584233;-0.17819696378638297;0.022999998691375367
MATRIZ;-0.1429861568022942;0.04710939887708593;1.7624311173253255;0.10999999999999999;-0.35602018616227915;-0.16726386300568188;0.10100643913340027;-0.49961175035671884;-0.17824032046409566;0.021100000594742596
MATRIZ;-0.14531169277583456;0.046334210358497746;1.748315798098726;0.10999999999999999;-0.3702266890376096;-0.16731874752972503;0.10141481283939265;-0.5076292202316471;-0.17831108485440572;0.02119999953720253
MATRIZ;-0.14776987147950266;0.04586909724734484;1.7398466065627662;0.10999999999999999;-0.3790559226115786;-0.16717943269685714;0.1018200803409704;-0.515587278301291;-0.1783705533100247;0.020400000721565448
MATRIZ;-0.14859525490642672;0.045088124629757365;1.7155746158716478;0.10999999999999999;-0.40253438528355145;-0.16724355216400008;0.10215208655831307;-0.5235441458080735;-0.17850748506835734;0.02660000063769985
MATRIZ;-0.15115715158391646;0.043586207748537206;1.701011421456977;0.10999999999999999;-0.41728753323795753;-0.16796648431545175;0.10253167011979729;-0.5312175191288053;-0.17850136776249778;0.02080000012938399
MATRIZ;-0.15269428959041031;0.04268505761980511;1.6922735048081743;0.10999999999999999;-0.4261394220106014;-0.16840024360632275;0.10274823038291264;-0.5394850207084768;-0.1785941702022505;0.021899999410379678
MATRIZ;-0.155683239015642;0.042144367542565855;1.6870307548188928;0.10999999999999999;-0.4320442560912414;-0.16832557728332956;0.10313523919393021;-0.5471449431253452;-0.17869032480066122;0.02049999966402538
MATRIZ;-0.1567504825605821;0.04137310665917682;1.6657319520703513;0.10999999999999999;-0.45275127862874487;-0.16841105463187367;0.10352573646433497;-0.5551510232198161;-0.17873200186388297;0.021899999410379678
MATRIZ;-0.16018362141908044;0.04135719696618888;1.671105823176199;0.10999999999999999;-0.4486050708791811;-0.16799714200114435;0.1039124895254388;-0.5631090163238126;-0.17874821725922752;0.021100000594742596
MATRIZ;-0.16246692815270214;0.040900804313350636;1.656176993084735;0.10999999999999999;-0.4635542497750469;-0.167725188531053;0.10415367733831435;-0.5705694382792822;-0.17889015590621132;0.022399999579647556
MATRIZ;-0.1648423175762275;0.04163237410500002;1.6472196950298565;0.10999999999999999;-0.4727421709362658;-0.16640724997797599;0.1044612331409056;-0.5785991673612215;-0.17897181407147952;0.028899999961140566
MATRIZ;-0.16727295661369507;0.04106591059663732;1.6418453161969295;0.10999999999999999;-0.4786141646583226;-0.16644538336281237;0.10483847838518542;-0.5866787286137651;-0.1789260959994931;0.02119999953720253
MATRIZ;-0.16973674541952793;0.0407260324916197;1.6386206888971735;0.10999999999999999;-0.48242618831606965;-0.16630532841654433;0.10511200519172818;-0.59415214344833;-0.1790819487166354;0.021300000298651867
MATRIZ;-0.17134730888504768;0.04009877704614499;1.6194881888547141;0.10999999999999999;-0.5012097721256699;-0.1662117952601513;0.10555066352417201;-0.6021760995365393;-0.17912126846209775;0.019999999494757503
MATRIZ;-0.17329259431130786;0.039722423778860164;1.6080086888292384;0.10999999999999999;-0.5127611491142454;-0.16599702815170272;0.10588279167791824;-0.6099807864417813;-0.17916327955411032;0.02099999983329326
MATRIZ;-0.1754387129140123;0.038517664471540945;1.6011209888139528;0.10999999999999999;-0.5200417626215237;-0.16667525133708766;0.10626130438522614;-0.6177855967984608;-0.1792401974176692;0.01990000055229757
MATRIZ;-0.1768016877177079;0.03837213680970868;1.5806725796889762;0.10999999999999999;-0.5399775501747677;-0.16611557733837573;0.10656112750327888;-0.6256645134157064;-0.17933875779163327;0.022900001567904837
MATRIZ;-0.17857331873284926;0.03733097407968532;1.5684035342139904;0.10999999999999999;-0.5522798411153564;-0.16656616194215515;0.10685601385279678;-0.6331095144351572;-0.17934246736506115;0.024900000425986946
MATRIZ;-0.18059014347485808;0.03670627644167129;1.5610421069289988;0.10999999999999999;-0.5599352314414268;-0.1666819333671078;0.1070431553783716;-0.6406547217918396;-0.17954971318003277;0.021500000002561137
MATRIZ;-0.1837079305859114;0.03633145785886288;1.5566252505580038;0.10999999999999999;-0.5650764971605033;-0.16644223754744947;0.10748075560811353;-0.649115723514553;-0.17957309248355058;0.021300000298651867
MATRIZ;-0.1865324489854674;0.036106566709177834;1.5539751367354069;0.10999999999999999;-0.5684352723536663;-0.1661438407183395;0.10792650965606289;-0.6576075159200082;-0.17954929244752638;0.02209999911428895
MATRIZ;-0.18817946771855482;0.034683939739919394;1.5368850687818334;0.10999999999999999;-0.5853339290711141;-0.16687721157871102;0.10825097279932192;-0.6657216580062542;-0.17966514923198432;0.019199998860131018
MATRIZ;-0.19009767893800816;0.03476036353796524;1.5266310280096893;0.10999999999999999;-0.595675155888505;-0.1662490751092384;0.10865746808419463;-0.6732781664571268;-0.17967627783880752;0.02119999953720253
MATRIZ;-0.19217860564928108;0.034806217816792745;1.5204786035464029;0.10999999999999999;-0.6021470573466132;-0.1657214783736727;0.10899058007452138;-0.6820567573429257;-0.17980696612506153;0.02159999894502107
MATRIZ;-0.19333642997071793;0.03449348648911331;1.502043246752807;0.10999999999999999;-0.6201125828818628;-0.1654074827206919;0.10923985249496473;-0.6896409502028378;-0.17993884656741818;0.0197000008483883
MATRIZ;-0.19691185620770962;0.03371609160788068;1.5057259347922738;0.10999999999999999;-0.6176761422264028;-0.165681822510712;0.10947737081351254;-0.6963995845684297;-0.17987687756630608;0.02049999966402538
MATRIZ;-0.19697568342413121;0.03351536895902708;1.4791498339616398;0.10999999999999999;-0.6430962719316968;-0.16524259161670263;0.10964018251439722;-0.7014822457287432;-0.18008483324036628;0.01950000114447903
MATRIZ;-0.19984394484870469;0.03281166012118473;1.4772459850019493;0.10999999999999999;-0.645788252170912;-0.16542706258483675;0.10980950524199969;-0.7051342513300645;-0.18005492663339523;0.021800000467919745
MATRIZ;-0.2005063651413014;0.032086995800722926;1.4620618640874452;0.10999999999999999;-0.6605344553423076;-0.16567641606503392;0.10987610756425656;-0.7074109386962361;-0.1799945974788178;0.022000000171829015
MATRIZ;-0.20286967093227598;0.03104731917293306;1.4669932030774324;0.10999999999999999;-0.6565753553376941;-0.16643538581767106;0.10994064079437611;-0.7087290444983912;-0.1800073336800913;0.021300000298651867
MATRIZ;-0.20320751505773077;0.03102839123177193;1.455910194932735;0.10999999999999999;-0.6672611604496859;-0.16613787204865632;0.1099778242717916;-0.7094967244773649;-0.18003310852691568;0.019799999790848233
MATRIZ;-0.20539767793540278;0.03131947348483164;1.4633022015846064;0.10999999999999999;-0.6608084835600938;-0.1656701530803366;0.11006957534602121;-0.7098693064220117;-0.18006287527107595;0.02069999936793465
MATRIZ;-0.2056100335258934;0.031191683818911076;1.4536955940370395;0.10999999999999999;-0.6700554805904342;-0.16553519445017745;0.11017297239045544;-0.7101221773823015;-0.18000014676659404;0.01939999856404029
MATRIZ;-0.2057374468801878;0.031115010019358735;1.4479316295084992;0.10999999999999999;-0.6756036788086386;-0.16545421927208198;0.11018178663170106;-0.7101503436360648;-0.17996263636060716;0.02240000139863696
MATRIZ;-0.20581389489276442;0.031069005739627335;1.4444732507913751;0.10999999999999999;-0.6789325977395615;-0.16540563416522466;0.11014203669240892;-0.7100606551374039;-0.18002540310757953;0.01990000055229757
MATRIZ;-0.2058597637003104;0.031927117438075074;1.4423982235611006;0.10999999999999999;-0.6808679180688275;-0.16450272678509745;0.11011420968785403;-0.7100670492006974;-0.17999640107760667;0.025999999706982635
MATRIZ;-0.205887284984838;0.03155627019085713;1.441153207222936;0.10999999999999999;-0.6820911412956745;-0.16483473867303397;0.11011331052422407;-0.7100335235613906;-0.18001061246214994;0.022899999748915434
MATRIZ;-0.20590379775555456;0.03133376184252637;1.4404061974200373;0.10999999999999999;-0.6828250752317828;-0.1650339458057959;0.11005631169030804;-0.7100369648662954;-0.17999654805584941;0.019600000086938962
MATRIZ;-0.20591370541798448;0.032085971099814495;1.4399579915382978;0.10999999999999999;-0.6832034045641602;-0.16427971376944017;0.11003160416247385;-0.7100448269921144;-0.18000243944515998;0.021400001060101204
MATRIZ;-0.20591965001544243;0.032537296654187364;1.4396890680092542;0.10999999999999999;-0.6834304021635866;-0.16382717454762677;0.11002301768194925;-0.7100206525267354;-0.18002518244899288;0.022899999748915434
MATRIZ;-0.20592321677391723;0.03192237772052451;1.4395277138918283;0.10999999999999999;-0.68362863175253;-0.16442940733055156;0.11000546850328782;-0.7100612032475143;-0.1799920083478047;0.020399998902576044
MATRIZ;-0.2059253568290021;0.0315534263603268;1.4394309014213726;0.10999999999999999;-0.6837475695058959;-0.16479074700030644;0.1099361134087386;-0.710020531931381;-0.1800159775143137;0.0380000001314329
MATRIZ;-0.205926640862053;0.03133205554420817;1.4393728139390993;0.10999999999999999;-0.6838189321579156;-0.16500755080215937;0.10855574434180282;-0.7099705752645282;-0.17999868728878576;0.024400000256719068
MATRIZ;-0.2070291534179961;0.03150167207229338;1.4533797729884248;0.10999999999999999;-0.6707431465850318;-0.16499196033243843;0.10586596915852735;-0.7099650848526825;-0.17999361702891936;0.02099999983329326
MATRIZ;-0.20570320454916283;0.03130100297138812;1.4477421368793304;0.10999999999999999;-0.6757618351980883;-0.16527181675751673;0.10039671283820567;-0.7100597377481335;-0.17994110222284143;0.019499999325489625
MATRIZ;-0.2031362066952897;0.03118060151084496;1.444359555213874;0.10999999999999999;-0.6782641619513048;-0.1657268065247201;0.09452894956504522;-0.710102726650396;-0.179930126079903;0.03409999953873921
MATRIZ;-0.1980119549054341;0.030819988547821107;1.4289413021893376;0.10999999999999999;-0.6915461676597219;-0.16654928297531552;0.08747411405024759;-0.7101460216699615;-0.17994913574117213;0.02080000012938399
MATRIZ;-0.19409288557761958;0.031777707122991335;1.4330790543998781;0.10999999999999999;-0.6864005143624536;-0.16633721971977744;0.08009775013395919;-0.7101314130535876;-0.18003283837564188;0.022000000171829015
MATRIZ;-0.18819858691578456;0.03235233826809347;1.4355617057262027;0.10999999999999999;-0.6822953495548572;-0.16678413359076735;0.07384669392414922;-0.7101429854230059;-0.1800025657988766;0.021300000298651867
MATRIZ;-0.18111915065353723;0.03269711695515475;1.4370512965219973;0.10999999999999999;-0.6788144778410643;-0.16762643373767402;0.06705501638259839;-0.7101247874075414;-0.17998882534894917;0.02029999996011611
MATRIZ;-0.17269009363906848;0.032595014074500855;1.4245563469742117;0.10999999999999999;-0.688336405818516;-0.16879842099847003;0.059753457667439475;-0.7101285620400631;-0.17999183349499193;0.019899998733308166
MATRIZ;-0.16561405482350156;0.0319570081727126;1.4304480812708027;0.10999999999999999;-0.6807200401773861;-0.17071352819085578;0.052069839400845384;-0.7100779696816795;-0.1800276864602084;0.020700001186924055
MATRIZ;-0.15782557446901507;0.03245991889792623;1.4339831218487573;0.10999999999999999;-0.6750704169341852;-0.1715629880145871;0.045405758789439546;-0.7100247062600884;-0.18004114216280354;0.0213999992411118
MATRIZ;-0.14960962919117687;0.032761665333054406;1.4361041461955302;0.10999999999999999;-0.6706628701590294;-0.17264681573313867;0.0377837594153873;-0.709896440177419;-0.18002527257047762;0.02010000025620684
MATRIZ;-0.14113720495932763;0.03382842746041789;1.437376760803594;0.10548278236125913;-0.6669385382354134;-0.17299750787256948;0.030020100821150225;-0.7096144716601714;-0.17998969079338997;0.02320000021427404
MATRIZ;-0.1325108933550718;0.03446848473683598;1.4381403295684319;0.09746951252903052;-0.6636861662520088;-0.1737820749805407;0.02219446677341641;-0.7089934140220548;-0.17997046443372583;0.021400001060101204
MATRIZ;-0.12276234901773642;0.03452295100360346;1.4252097668020725;0.08444720984690118;-0.6732342082558429;-0.1750031660803359;0.01296038200268327;-0.7078922335339617;-0.18001012223730217;0.020199999198666774
MATRIZ;-0.11258764111486586;0.03455563076366394;1.4174514291422569;0.07255030951297853;-0.6777204038410536;-0.17643682006059486;0.004376437169254211;-0.7068810982281564;-0.1799862612110577;0.02029999996011611
MATRIZ;-0.10302235133276805;0.03457523861970023;1.4127964265463675;0.062145354332908964;-0.6794180174985087;-0.17785781190505567;-0.004415795264322204;-0.7059533606376791;-0.18003522338941647;0.020199999198666774
MATRIZ;-0.09295759616304003;0.035452119593415876;1.410003424988834;0.05169079419103145;-0.679133367628681;-0.17855796993042705;-0.01286941899826527;-0.7052989332076148;-0.18003765203084915;0.023599999622092582
MATRIZ;-0.08259316176073389;0.035113131917551395;1.4083276240543139;0.04146260769045068;-0.6777805365369063;-0.18053250046771863;-0.020526492251412287;-0.7048764704196254;-0.1800789987457722;0.021699999706470408
MATRIZ;-0.07238316928300804;0.035440606107999394;1.3945420169240332;0.02771224399422001;-0.687993706687698;-0.1815388817987421;-0.027439874513571594;-0.7047503893676805;-0.1801593425587486;0.021800000467919745
RBF;0.13159202010134619;0.04153575654752613;1.2808170862484034;-0.2345740686861401;-0.6923169466338285;-0.17535858272406374;-0.15437418109173479;-0.7101497714705821;-0.18002467234408417;0.08819999857223593
RBF;0.12248712599957357;0.04075124081533962;1.2829583255708203;-0.23648934722388132;-0.6927602795406613;-0.17587524480184807;-0.14661043281821395;-0.7101465816108361;-0.1799966114550004;0.08329999945999589
RBF;0.11385823216114521;0.04028053137602772;1.2842430691642703;-0.2377240350480579;-0.6934904968940337;-0.1759929901063746;-0.13901360525573736;-0.710254401668681;-0.17998590079065097;0.06989999928919133
RBF;0.10551493848072341;0.03999810571244057;1.2850139153203406;-0.2384039623786106;-0.6943317662565643;-0.1758582349845894;-0.13242725059034302;-0.7106680796487995;-0.18028898231241824;0.07000000005064066
RBF;0.09727417973472804;0.040172776116175764;1.2966605115753256;-0.24024468098526008;-0.6877094745687844;-0.17787995689642877;-0.12644095839384856;-0.7122346371946994;-0.1810118940944752;0.06719999873894267
RBF;0.08844110292580232;0.039141963212188206;1.2924643807669736;-0.2391005320212129;-0.6915297868573071;-0.17697229584921303;-0.11981571409001486;-0.7156685711891652;-0.18214357656535837;0.07499999992433004
RBF;0.08136900896072638;0.03885039498158878;1.3011307908433054;-0.2392956499987845;-0.6863213111196966;-0.17862765976290151;-0.11398513585534453;-0.7196558661421919;-0.1834530382150158;0.06770000072719995
RBF;0.07389097004393853;0.037866758408793555;1.3063306368891046;-0.23833913528437378;-0.6832492315797689;-0.17984630872433827;-0.10854256182128877;-0.7238620139287724;-0.18478452407453483;0.07220000043162145
RBF;0.06697805979055911;0.036467880830680845;1.309450544516584;-0.2367669993168573;-0.6813656215715932;-0.18084766082898923;-0.1024129635399015;-0.7288607590218622;-0.1863424214481844;0.06909999865456484
RBF;0.06085350208768895;0.03510739487495474;1.323003648257141;-0.23528633756087358;-0.6719225088782672;-0.18417701753207322;-0.09622054423501895;-0.7342100057375056;-0.18785221296052043;0.07050000021990854
RBF;0.053872100871830295;0.03346443665298494;1.331135510501475;-0.2326019638443051;-0.6660227554511289;-0.18633547601063416;-0.0892252985831066;-0.7401210676958012;-0.18924109278758683;0.06919999941601418
RBF;0.045262390674067315;0.031400400873888956;1.3243334686840063;-0.22891748413292778;-0.6706909150918325;-0.18530130659378724;-0.08320427427462991;-0.7450143216308316;-0.1902971410158852;0.06800000119255856
RBF;0.03686178201766724;0.029353283771995798;1.3202522435935249;-0.22475633647074172;-0.673219838432382;-0.1847969303805725;-0.07546511123811962;-0.7505897018646658;-0.19160623430510687;0.0667000003886642
RBF;0.028586634286084912;0.027316317876424332;1.3178035085392361;-0.2201622483324861;-0.6744214443732421;-0.18460344990162553;-0.06897538343533167;-0.7550039277777918;-0.1924237517299538;0.06829999983892776
RBF;0.020386763109393233;0.02528544270464588;1.316334267506663;-0.21514392530512572;-0.6747779048161426;-0.1845830807290893;-0.062412051654491735;-0.7591327231264356;-0.19290782873438792;0.07120000009308569
RBF;0.011440568521294742;0.0238776484105407;1.3042686343257759;-0.20930556838802872;-0.6826390482514356;-0.1816489885967737;-0.05583169059761496;-0.7621293808286801;-0.1934113487472714;0.07059999916236848
RBF;0.002820862940598989;0.02241354539068013;1.3082133429785867;-0.20331928222543838;-0.6788149391073336;-0.18243150789203522;-0.04884956071359716;-0.7640108717295027;-0.19376590164909857;0.0822000001790002
RBF;-0.006394438579996319;0.02072638794432822;1.3105801681702733;-0.19628085325622852;-0.6758766378044204;-0.18285375409462773;-0.0436154242801879;-0.7640295034813893;-0.19392604124703083;0.08519999937561806
RBF;-0.014349706395660217;0.01971409347651707;1.3120002632852854;-0.18987239755519103;-0.6736784271922628;-0.18279639314495372;-0.038721872552872016;-0.7618463954785878;-0.1943874814911119;0.08509999861416873
RBF;-0.021548953988365267;0.019106716795830384;1.3128523203542926;-0.18383052377711145;-0.6719245634523545;-0.18245036249315627;-0.03478380146812913;-0.757795334683339;-0.19546112996158893;0.07589999950141646
RBF;-0.028294589447295012;0.0179335951529828;1.3133635545956968;-0.17778046943999448;-0.6704208968449615;-0.18235301286181288;-0.03141212610785245;-0.7530813557053047;-0.19659771634615195;0.07230000119307078
RBF;-0.0335100866390598;0.017373490280062794;1.3253514543046085;-0.17207513279025977;-0.660347598957841;-0.1847223556896807;-0.02842185125411702;-0.7481845125534214;-0.1976615978868786;0.06890000076964498
RBF;-0.0374660516026528;0.01621076070777665;1.3325441941299556;-0.16737411784464273;-0.6540265112343698;-0.18641928518210416;-0.025072401887263163;-0.7444740387430386;-0.19835703059960594;0.06749999920430128
RBF;-0.04107963055360982;0.015387325865714988;1.3251786788610946;-0.16462011623292078;-0.6590744126646705;-0.18473197353833604;-0.02038636095090544;-0.7424523658275821;-0.19834287410005141;0.06969999958528206
RBF;-0.04448777789698524;0.015019062059167969;1.3324405288638475;-0.16042107934581407;-0.6527526677350247;-0.1860862654315693;-0.015445410157015399;-0.7416987903167975;-0.197881405481814;0.06910000047355425
RBF;-0.04867448443784894;0.014084164396960273;1.3490097598097535;-0.1535875650955062;-0.6387766847485608;-0.18956003951141082;-0.010242629473123637;-0.7417203261875709;-0.19713559822725218;0.07000000005064066
RBF;-0.05317802347019941;0.01423716517791514;1.3467391774330426;-0.14941988489486652;-0.6396466901640218;-0.1883889891690193;-0.004527232945986128;-0.7427611913554472;-0.1959411915660697;0.06740000026184134
RBF;-0.05896135894323694;0.01446048079511849;1.3575889489512705;-0.1413856749330913;-0.6296373074106161;-0.1897103628443768;0.0017572190142660887;-0.7446220781180727;-0.19447771824868137;0.07949999962875154
RBF;-0.0649677238077892;0.015439924692350417;1.364098811862207;-0.13369882250244464;-0.6229507491238363;-0.18965820881900747;0.008478660463974774;-0.7472345812692052;-0.19250291981700116;0.11660000018309802
RBF;-0.07122063357750497;0.015877288003683366;1.355792608664515;-0.12871179241373393;-0.628313166340451;-0.1868447892327471;0.014843663556207443;-0.7496617928858474;-0.1904397084620612;0.06770000072719995
RBF;-0.07908692480362933;0.017980918071309172;1.3630210076901537;-0.11858428374270635;-0.6204809235151094;-0.18604177346700745;0.02102067906235381;-0.7509805794748936;-0.18863332530562402;0.06830000165791716
RBF;-0.08811261910658935;0.019439713443724173;1.3801381736751055;-0.10393578653289404;-0.6040382768604688;-0.18715633848460972;0.027653825450900282;-0.7512002413097417;-0.18687830252131138;0.07170000026235357
RBF;-0.09585423718772886;0.020757161200110036;1.365416225752254;-0.09887836472312583;-0.6144274477352676;-0.18241575020926964;0.03442370101737158;-0.7501999390076444;-0.185705168396036;0.06720000055793207
RBF;-0.10401254129268266;0.022599751042985006;1.3687951779427974;-0.08844205029181235;-0.6095794669581553;-0.18075413932730988;0.043062672558967174;-0.7474840660663836;-0.18479959281010783;0.06779999966965988
RBF;-0.11228934186329459;0.023705304948709986;1.3708225492571233;-0.0779469299755699;-0.6058919495058218;-0.17912941100641222;0.04984706762490207;-0.7447921143006645;-0.1842921911044787;0.06930000017746352
RBF;-0.11945360397562754;0.024143182751635663;1.3598268511014646;-0.07233783168681529;-0.6135188721575093;-0.17546508723317117;0.0572136053666623;-0.7416655833026993;-0.18394198341512322;0.06969999958528206
RBF;-0.12747216116143092;0.025476818500810294;1.3654415531523236;-0.06101013577322151;-0.6069431210150709;-0.17439928284078562;0.0650387817466001;-0.7386818352530224;-0.18334490523538394;0.06819999907747842
RBF;-0.1356651135805526;0.026276999950315075;1.368810374382839;-0.049902444216084085;-0.602317460797947;-0.17306476745638202;0.07215359590107434;-0.7362432501077318;-0.1827650240711985;0.06910000047355425
RBF;-0.14455255513518384;0.027012711351409313;1.3836117936907169;-0.03414627793337527;-0.5879319158016416;-0.17361616173694133;0.07977860686931633;-0.734426283996803;-0.1820572045613107;0.09539999882690609
RBF;-0.15334548510833804;0.02745413819206586;1.3924926452754436;-0.020126400625984642;-0.5787506829094303;-0.1730589388134927;0.0860159563282544;-0.7338036168775643;-0.18114537501899536;0.0703999994584592
RBF;-0.16121659187251217;0.027718994296459784;1.3978211562262794;-0.008369675362856044;-0.5729168494424841;-0.17206794937155934;0.0919794303740125;-0.7340228191451849;-0.17995359223963048;0.07609999920532573
RBF;-0.1693997209713921;0.028743024219190005;1.4010182627967809;0.003036787673265151;-0.5688688590103758;-0.17019421074576113;0.09822049854055363;-0.734362874625568;-0.17891472217559412;0.06769999890821055
RBF;-0.1769049472110017;0.030222558432922004;1.4029365267390819;0.013117908916328636;-0.5660528423067581;-0.1679774584618905;0.10559558887687993;-0.7347542328930211;-0.17777105548152394;0.07199999890872277
RBF;-0.1848685479951429;0.031110278961161204;1.4040874851044625;0.02348539375326847;-0.5640606196773346;-0.16578366124176436;0.11286169591057772;-0.7353111551479548;-0.1764672491308413;0.06790000043110922
RBF;-0.19208476338043762;0.03134798528034545;1.3919979335541224;0.028170685078080515;-0.5734385071434887;-0.16209602960316827;0.11890065233801851;-0.735860642779248;-0.17533903565840187;0.06880000000819564
RBF;-0.20293657039063379;0.03298021942879252;1.410913033218749;0.04828082409061568;-0.5567125727632873;-0.1612159232274482;0.12459857699032381;-0.7361973681013327;-0.17443529331978658;0.09970000064640772
RBF;-0.21086891702404853;0.034495108078871246;1.4088733889922627;0.057217412441120497;-0.5577688258940939;-0.15808249403724162;0.12646604403900405;-0.7358574377372201;-0.17439933114973138;0.07079999886627775
RBF;-0.2195213481745198;0.034868493107907995;1.4210383064816332;0.07204259900699272;-0.5477744623323413;-0.1570208230141267;0.12697182566490686;-0.7347060175159229;-0.17475921597815477;0.06779999966965988
RBF;-0.22559852113108914;0.035978238391616624;1.4283372569752557;0.08192287500602391;-0.5418765405538077;-0.15552340059658748;0.1262648370675093;-0.7317673609652228;-0.17608904488439509;0.06939999911992345
RBF;-0.22924482490503073;0.035758371295555216;1.4327166272714291;0.0877907024319673;-0.538658712469837;-0.15502010815090705;0.1242938687839354;-0.7279046924766974;-0.17794393711312068;0.07189999996626284
RBF;-0.23054689290310915;0.0347407367716318;1.435344249449133;0.09023048900385627;-0.5369360796498569;-0.15540775750882901;0.12144192493910781;-0.7235466696355763;-0.18008957992375127;0.06880000000819564
RBF;-0.229556705169383;0.034130156057277754;1.4369208227557555;0.08960942014682688;-0.5358198677544309;-0.15614933478774223;0.11754969161621703;-0.7195887130568045;-0.18220965882845444;0.07000000005064066
RBF;-0.22719116399657419;0.03287809336237874;1.437866766739729;0.08712515868528298;-0.5352733633039684;-0.15755796009769357;0.1122763628497469;-0.7161096583411262;-0.18436952106041987;0.08440000055998098
RBF;-0.22311469649402915;0.03035542721286618;1.4384343331301128;0.08243791919789761;-0.5352626666465429;-0.1600605313446375;0.10585626728732443;-0.7134183667826202;-0.1864397833396238;0.07539999933214858
RBF;-0.2171259589273558;0.027956113256872063;1.4387748729643435;0.07535946603394722;-0.5353942020041385;-0.16299904273840948;0.09883706777974288;-0.7116433482492276;-0.18834435069844663;0.07270000060088933
RBF;-0.21193411015063945;0.025846838486815012;1.4530210084035713;0.07398737640118774;-0.5249614944737483;-0.16665890966756353;0.0917121248870369;-0.7106499714926401;-0.18997925179977593;0.07379999988188501
RBF;-0.20333189299102938;0.023479531488668208;1.4475268781284183;0.06160371146274046;-0.5296473109370946;-0.1697958969303699;0.08435546574324153;-0.7098234926563007;-0.1915877412326365;0.06920000123500358
RBF;-0.19380378538240858;0.021873765234045724;1.4308416959380643;0.04410494151099548;-0.5433410085561201;-0.171551846325679;0.07509182159106209;-0.7089036370094219;-0.19358776998316535;0.0779999991209479
RBF;-0.18536798399979823;0.020209973270720057;1.4342192906491142;0.03479631295343566;-0.5415085439597809;-0.1748835147372042;0.06804921112731209;-0.7082539906872819;-0.19505879591528158;0.06889999895065557
RBF;-0.17676364610508571;0.018325983826438078;1.4362458474757442;0.024721482930041172;-0.5409679570571031;-0.17815351315952288;0.0599628096379996;-0.7075999113669301;-0.19660650152971434;0.07130000085453503
RBF;-0.1671724720368253;0.017195590159868893;1.4374617815717223;0.013042954046850186;-0.5411883079347836;-0.1811385548171966;0.05167595596530786;-0.7073903217713482;-0.19799222031733413;0.07259999983943999
RBF;-0.15787491053072275;0.015631639693640804;1.438191342029309;0.0015130251842440101;-0.5420420885991151;-0.1841281755629336;0.04409058737525966;-0.707610526042285;-0.1991310087448051;0.06919999941601418
RBF;-0.14749703818415952;0.013704565116653817;1.4252403742785988;-0.01594830452276863;-0.5544585358047767;-0.18587310782557387;0.036618092152789466;-0.7082062450136543;-0.20014519156971033;0.06800000119255856
RBF;-0.13780984973584612;0.012548320370461625;1.4174697936281726;-0.030733532231663863;-0.5627037210320048;-0.18746320315658282;0.028276644239334806;-0.7092890573238395;-0.20126679208338902;0.0684000006003771
RBF;-0.12874305168840972;0.011071849287423286;1.4261961492631792;-0.03930532575270412;-0.5573764872710651;-0.191139028681859;0.020802971571980484;-0.7108325098567335;-0.20217290456715187;0.06740000026184134
RBF;-0.1196365277576453;0.010103574612829439;1.4180432586189209;-0.05330642774861577;-0.5660665862505918;-0.19230416269976647;0.012747666478856385;-0.712953744904092;-0.20299828932439767;0.06649999886576552
RBF;-0.11071214835881119;0.00952260980807313;1.413151524232366;-0.0659073387674286;-0.5720832251354083;-0.19355677807732402;0.006119509603897135;-0.715066434748556;-0.20371275647828138;0.07389999882434495
RBF;-0.10109092461859323;0.008249929465573624;1.3974363570308643;-0.08227697688406505;-0.5874563450687788;-0.1934695599431932;0.0005484739307676425;-0.7170793945926716;-0.20435758924112474;0.07159999950090423
RBF;-0.09266385639462901;0.008410422719719642;1.400787383279532;-0.09149662983694506;-0.5865322775405243;-0.19536158825220779;-0.0060092375798544775;-0.7199125114787558;-0.20484605196274472;0.06740000026184134
RBF;-0.08518922227862444;0.007582617212561531;1.3900178724591639;-0.10324424877628091;-0.5972883829083124;-0.19520556140375395;-0.013440312367843614;-0.7234202326004454;-0.20525703325977326;0.0703999994584592
RBF;-0.07793213743008454;0.0071449191078185184;1.3963362925365117;-0.1099503274483471;-0.5937227481553048;-0.19761696983102944;-0.01969301178513677;-0.726557632287728;-0.20568659426849395;0.07659999937459361
RBF;-0.07043200921152835;0.006823315045420856;1.387347218013352;-0.12081236806612405;-0.60292265758929;-0.1973985685472232;-0.027020161963186472;-0.730064448755995;-0.20630477024129174;0.08489999891025946
RBF;-0.0629258717402705;0.0057473223243207925;1.3697416523552017;-0.13308111430762787;-0.6191538187148273;-0.19582160625452094;-0.03444110206207053;-0.7332338460048144;-0.2071379353879006;0.06949999988137279
RBF;-0.05511552266337923;0.005101726691660755;1.3591783129603117;-0.1434235785396536;-0.629445921929381;-0.19519500274493012;-0.04124520079074677;-0.7359296582084316;-0.2081133550855339;0.06899999971210491
RBF;-0.0471226466231079;0.0038877026635305923;1.3528403093233776;-0.15248252390565692;-0.6362132289480984;-0.1956118718454125;-0.04851104160255792;-0.7381937108263271;-0.20927509957979662;0.07130000085453503
RBF;-0.03984692105334269;0.0031592882466524945;1.349037507141217;-0.16008210702962344;-0.6406750769599148;-0.19615877760544342;-0.05649931488647458;-0.7393239345367677;-0.21081686860105503;0.06820000089646783
RBF;-0.03217481911734701;0.002722239596525636;1.3467558258319208;-0.16756068640561778;-0.6439042505274252;-0.19689112681680965;-0.06439139304188257;-0.7390720777150127;-0.21267039648114505;0.0804999999672873
RBF;-0.023438224713078902;0.0008066771093812422;1.345386817046343;-0.17517317839476354;-0.6465015682174671;-0.19862301320929338;-0.07158245741555637;-0.7372153829359588;-0.21474941688944008;0.06969999958528206
RBF;-0.01488960147638148;-0.00034266038290539413;1.3445654117749963;-0.1823018021091008;-0.6485026975196901;-0.20003055245960588;-0.07708427204128056;-0.7338166358602369;-0.2164501313774621;0.08440000055998098
RBF;-0.005627094291692331;-0.0018589295268115155;1.3440725686121884;-0.18943112108332627;-0.650206809701839;-0.2017199227229241;-0.08142481138618528;-0.72864653108957;-0.218152211968789;0.06719999873894267
RBF;0.0024104099647235776;-0.003595357661689328;1.3437768627145035;-0.19507067587531463;-0.6514375119895587;-0.20337262580492793;-0.08482783116178705;-0.7225516768430975;-0.21972322848612502;0.0683999987813877
RBF;0.00971291246417554;-0.005463881191150155;1.3435994391758928;-0.1997514336451896;-0.6523582505110769;-0.20499564082053073;-0.08784851233210968;-0.714601958534935;-0.2211602865695524;0.0684000006003771
RBF;0.016574413909449137;-0.006584995308826651;1.3434929850527262;-0.20400242585412726;-0.6530796424323293;-0.2062025553430637;-0.0897964518958054;-0.7068646956356924;-0.22243032599456264;0.0670000008540228
RBF;0.021517981425147433;-0.008084330427966687;1.3434291125788262;-0.20667844452722484;-0.6535066039875226;-0.20738167785972883;-0.09126286043388514;-0.6995274324881411;-0.22351225882103437;0.067299999500392
RBF;0.02613745523163469;-0.00898393149945071;1.3433907890944863;-0.2091705433774248;-0.6538481222093713;-0.20823835639548927;-0.09275300794834938;-0.692056279652801;-0.2243187830731136;0.06919999941601418
RBF;0.030562472812595325;-0.010350358790875263;1.3433677950038825;-0.21127582741293016;-0.654103749148271;-0.20928383353114155;-0.0939595265115685;-0.6857429521636;-0.22473235674715658;0.06960000064282212
RBF;0.034401119698845586;-0.010437487909074734;1.3555661194937745;-0.21284408329731913;-0.6450415518676386;-0.21199501977074725;-0.09530322876345945;-0.6787919998064621;-0.225281700035864;0.06860000030428637
RBF;0.03839521688441557;-0.011335219906904332;1.3628851141877094;-0.21430549436823587;-0.6395980504826295;-0.2140806196667821;-0.09678621158010083;-0.6706941723311424;-0.22595266584392176;0.07100000038917642
RBF;0.04206968785271441;-0.0119918295047058;1.380056637573639;-0.21477868016310186;-0.6264303718738264;-0.21760191197968032;-0.09831698217536239;-0.6623830107700397;-0.22636080981868967;0.06860000030428637
RBF;0.04600460295388145;-0.012385795263386682;1.3903595516051968;-0.2157730026001758;-0.6184944557039853;-0.2196946236756941;-0.09957041009096126;-0.654401879202645;-0.22665287880970236;0.06779999966965988
RBF;0.048739124945076755;-0.0125042043194915;1.383761173454563;-0.21767876812454945;-0.6237389287627386;-0.21893111104764224;-0.10069421587725154;-0.6466138616407346;-0.22690572049354907;0.06949999988137279
RBF;0.05315776015678366;-0.012816808189414369;1.4059709771590134;-0.21767001919847784;-0.606342182863301;-0.22262046253806755;-0.10167242881222897;-0.6384400432469672;-0.22714877623779986;0.06849999954283703
RBF;0.05611791137669847;-0.012880782474211823;1.4059081553564214;-0.21905593027915315;-0.6064302513373501;-0.22283527809839526;-0.10255321175243066;-0.630717507019948;-0.2272697872782939;0.07020000157353934
RBF;0.05935646054832984;-0.013042755082246562;1.4192591663001286;-0.2191701464263489;-0.5958416830046218;-0.2247946462384608;-0.10360420776270197;-0.6206051745205526;-0.22727558553727678;0.07019999975454994
RBF;0.061567364131813906;-0.013016350609911138;1.4138810688410905;-0.2206957250868633;-0.6001190809813304;-0.22426323695567546;-0.10441232009022211;-0.6121827667528232;-0.22709695853844647;0.06829999983892776
RBF;0.06439756073397226;-0.012238381697379574;1.4240429143909301;-0.22109451277043712;-0.5920270393722651;-0.22529897132186072;-0.10520714081196612;-0.6043236011111659;-0.22684287173019863;0.1007999999274034
RBF;0.06698139296155385;-0.011771600349860634;1.4301400217208338;-0.22168842959170873;-0.5871335327492027;-0.22590841092357783;-0.105974870798118;-0.5980795748929881;-0.2265027533680166;0.0670000008540228
RBF;0.06941740656438938;-0.01149153154134927;1.433798286118776;-0.22240073618876186;-0.5841655725993968;-0.22629584912172157;-0.10713316817315534;-0.5906838182714025;-0.2260393561164669;0.07050000021990854
RBF;0.07249922374978567;-0.010524187137886273;1.450035056296231;-0.22229262250572673;-0.5710880224242004;-0.2275282991949919;-0.10851099861932682;-0.5832793766221426;-0.2254791959544688;0.08299999899463728
RBF;0.0752556311142926;-0.009943780495808473;1.459777118402704;-0.22261867345289396;-0.5631837745499676;-0.22815110218766893;-0.10995527108211951;-0.5762324903110938;-0.2248063036305628;0.07069999992381781
RBF;0.07781679258626595;-0.009595536510561794;1.4656223556665877;-0.22319313953385667;-0.5583916461194556;-0.2285024167261115;-0.1115364738418073;-0.5693649160513606;-0.22380432840704192;0.06790000043110922
RBF;0.08203007477659402;-0.008547321845139799;1.483873400140542;-0.22354201641162094;-0.5435737084313769;-0.22916349644129497;-0.1134105649493681;-0.5612338136186735;-0.2220922878269018;0.11210000047867652
RBF;0.08548804407039179;-0.006988393066285693;1.4948240268249147;-0.22433271833106203;-0.5346238161398791;-0.2289947433448653;-0.11514520017740393;-0.553998709483554;-0.22051232453254882;0.06790000043110922
RBF;0.09135436402504338;-0.005146881972695423;1.5168944024955535;-0.22550677450447193;-0.5167422859791659;-0.22865615087378294;-0.11802526608411386;-0.542259958501619;-0.2171246129111452;0.0698000003467314
RBF;0.09582800213075833;-0.0021342830506932467;1.5301366278979367;-0.22694649770768624;-0.505931981717515;-0.22736821554677683;-0.12015784880356696;-0.5324153122162433;-0.2134605725849524;0.07000000005064066
RBF;0.0984168003808949;0.0005794301287858656;1.5225819634793516;-0.22850342616443467;-0.5114081583272244;-0.22641750512698328;-0.12122249703413268;-0.5271122397044673;-0.21112109404794693;0.08460000026389025
RBF;0.10292700234304127;0.00320919647604354;1.5335491644882155;-0.22992432208999347;-0.5022482520258065;-0.22521440320627445;-0.12166863041712207;-0.522816482039415;-0.20856286183115252;0.06989999928919133
RBF;0.10453620046746648;0.006575517783630658;1.5246294854335187;-0.23099920800077464;-0.5088946754471648;-0.22396606018199333;-0.12164850363688785;-0.5191568680497757;-0.20595027109964942;0.0655999992886791
RBF;0.1055017193421216;0.009525310547783838;1.5192776780007007;-0.23166468193650974;-0.5129497840992728;-0.22273889722167994;-0.1215534410565379;-0.5158344086511429;-0.2030499938479905;0.07159999950090423
RBF;0.10608103066691468;0.013155186165477558;1.5160665935410098;-0.23214780666105606;-0.5154113840663619;-0.22114497799531074;-0.12188353631013059;-0.5133037403985157;-0.20132196108174288;0.0670000008540228
RBF;0.10642861746179053;0.016263111515694696;1.5141399428651954;-0.2324506695773247;-0.5169188654439458;-0.21974693419374192;-0.1224076870862418;-0.5112014673048301;-0.2004132484607364;0.0698000003467314
RBF;0.10868793872450264;0.01834248210573288;1.5284839521197218;-0.2328312751586414;-0.505087992484351;-0.21877749174980604;-0.12295170717782883;-0.5094331392639354;-0.199950406433682;0.07570000161649659
RBF;0.11220223588822109;0.02079496273292296;1.553406146788243;-0.2337449151910073;-0.4849341844556718;-0.2169265973421719;-0.12288956974003597;-0.5080612486620453;-0.19917144647706456;0.06930000017746352
RBF;0.11310595591328498;0.022015438968993845;1.5520436744735502;-0.23405322607854795;-0.48579444183969656;-0.21644797500462237;-0.12224745249160264;-0.506751574473734;-0.19781144291028438;0.06789999861211982
RBF;0.11485304620149049;0.02299873685087954;1.5675419802005401;-0.23471680794933966;-0.4736514146146906;-0.2151177032584315;-0.1212388013614429;-0.5056042577764672;-0.19583128035697644;0.07159999950090423
RBF;0.1159013003744138;0.024567662926959277;1.576840963636734;-0.23523290599176305;-0.46649310986778614;-0.21370178380731847;-0.12000815902905075;-0.504619677544654;-0.19375394694071665;0.06860000030428637
RBF;0.11437154847207662;0.027140597484187658;1.5661045645826448;-0.234681580282591;-0.4746405622205709;-0.213302508805932;-0.11813291932847347;-0.5036731067850023;-0.1911064275332357;0.07929999992484227
RBF;0.1124998511977503;0.02963820435144869;1.5596627251501913;-0.23407061911740698;-0.4798143047559247;-0.2125138728919707;-0.11663527152623118;-0.5032083759172125;-0.1892448952323591;0.06790000043110922
RBF;0.11253148867827303;0.03246713281509406;1.5721134106065247;-0.23426824040618577;-0.470244645910231;-0.2103476063773339;-0.11487080951699963;-0.5032921387038394;-0.18715550661796831;0.06819999907747842
RBF;0.11044196918854414;0.03474181781584055;1.5632680327645194;-0.2334530954349287;-0.4772821231510133;-0.20984829149741546;-0.11271642148618996;-0.5036684212659546;-0.18472522833483407;0.09130000034929253
RBF;0.10933886477885268;0.0365082482406775;1.5742765951751214;-0.2332138834411719;-0.46904940444891174;-0.20819707900218265;-0.11016109732424166;-0.5044510839814641;-0.1817440467183273;0.06860000030428637
RBF;0.1046633180105497;0.038644948577222824;1.5490659438456622;-0.23135707265228775;-0.4893211956556648;-0.20861052382906609;-0.10814294905625946;-0.505295266596275;-0.17934526303357912;0.06790000043110922
RBF;0.10391377937815939;0.04178696873835183;1.5657553418238073;-0.23101688621555125;-0.47633606059822714;-0.20615413001907645;-0.10632090099360092;-0.5060720226411933;-0.17721648718846966;0.07069999992381781
RBF;0.0995482668109319;0.04367218083502924;1.543953191834874;-0.229342624883638;-0.4942223767578462;-0.20622875332047436;-0.10473091980369151;-0.5068392686487552;-0.17538656182857792;0.08070000149018597
RBF;0.09888685396449207;0.04676120278693233;1.5626876906173344;-0.22880560153397506;-0.47945710614134174;-0.20377290741825682;-0.10317957596942451;-0.5077363126545772;-0.173789484614088;0.08600000001024455
RBF;0.0955782654298075;0.049041336596487545;1.5576126007710052;-0.2273039531103619;-0.48391804257479343;-0.20284193014158342;-0.1018456105738018;-0.5087685603432933;-0.17254849305930842;0.08119999984046444
RBF;0.09454695844192078;0.05194059093770395;1.5708833359790129;-0.22664054351688576;-0.47369594454690067;-0.200462880919083;-0.1006990362514931;-0.5098726851391201;-0.1716502348401592;0.07220000043162145
RBF;0.09202048198334073;0.05405666175279854;1.5625299879880123;-0.22534881718268174;-0.48055274866729014;-0.19988957584427214;-0.09982437352708771;-0.5109603598833428;-0.1711372315468242;0.07379999988188501
RBF;0.08955074997526868;0.055326304241855286;1.557517979193412;-0.22414811906042212;-0.4848323412333126;-0.1994569365844307;-0.09908713092108433;-0.5120440858850258;-0.17104458586572163;0.0686999992467463
RBF;0.08897255447530084;0.05669051887187292;1.570826563032457;-0.2236537206916685;-0.4744541623082669;-0.19784122426729356;-0.0986975795338811;-0.51295882382966;-0.17109699020067842;0.06830000165791716
RBF;0.08862563717532013;0.05750904764988351;1.578811713335884;-0.22341509672932475;-0.46837737569511134;-0.19672318018228535;-0.09845008720835115;-0.5138240697815879;-0.17126580171745703;0.0717999992048135
RBF;0.0884174867953317;0.058000164916689856;1.5836028035179404;-0.22329053634825238;-0.46479450313784204;-0.19599788472746094;-0.09834502440260603;-0.5145715433204652;-0.17152355681031634;0.06819999907747842
RBF;0.08829259656733865;0.05829483527677366;1.586477457627174;-0.2232219534356629;-0.4626695755123856;-0.19554289483311932;-0.0982696973402384;-0.515314729176226;-0.17184548427559548;0.06849999954283703
RBF;0.08636017259274342;0.05786920835624036;1.571886460976909;-0.22223341522611684;-0.4739286603430411;-0.1970502948554403;-0.09814648222196551;-0.5162885254038259;-0.17234880849476042;0.06929999835847411
RBF;0.0852007182079863;0.057613832203920384;1.5631318629867499;-0.2217493477691852;-0.48087197195225523;-0.19778213110935577;-0.09822673899897894;-0.5173640493632731;-0.173284724953898;0.06890000076964498
RBF;0.08450504557713202;0.0574606065125284;1.5578791041926545;-0.2215023068695177;-0.48509462218326627;-0.19815938639532588;-0.09862067299119195;-0.5181975823258828;-0.17488088483583922;0.07509999886678997
RBF;0.08408764199861946;0.0564148249647692;1.5547274489161973;-0.2214557848757528;-0.4876135473669263;-0.19886146320376313;-0.09952998983645595;-0.5186319839986299;-0.17701924685197878;0.06790000043110922
RBF;0.08383719985151192;0.05578735603611368;1.552836455750323;-0.22143415521775586;-0.4891284247760364;-0.19927390966194536;-0.10027449525835529;-0.519217217599146;-0.17891107785168753;0.06909999865456484
RBF;0.08554442440104677;0.05403030790758299;1.5680176489666038;-0.22213642311007345;-0.4769467656944758;-0.19931380736455695;-0.10046356729651276;-0.5203394056383679;-0.1801209969004361;0.07089999962772708
RBF;0.0865687591307677;0.05199713168351625;1.577126364896372;-0.2227012144643738;-0.46986152909679085;-0.19965047039809547;-0.10087945092634908;-0.5211398746851447;-0.18122975204635025;0.067299999500392
RBF;0.08627971626372487;0.049321355535665884;1.5662758053384278;-0.22283877711449973;-0.47816862632862867;-0.20187211955299816;-0.10257959815021875;-0.5215636455172007;-0.1836485289775532;0.07949999962875154
RBF;0.08610629054349916;0.04771588984695566;1.5597654696036614;-0.2229737240706576;-0.4832334167040415;-0.2031042003714119;-0.1045489545272548;-0.5213291295462852;-0.1859794080955187;0.06939999911992345
RBF;0.08514377359173214;0.045369533540989715;1.5403592685027863;-0.22326353155914885;-0.4987166736290647;-0.20511373779104836;-0.10667741484683974;-0.5209431810438171;-0.18841130840279613;0.06770000072719995
RBF;0.08733241720615156;0.04343710438430195;1.5442155475022763;-0.2242430597700958;-0.4953685856860024;-0.20602304455229103;-0.10865024446904112;-0.5206140213249505;-0.1905332017284942;0.06829999983892776
RBF;0.08959944950772722;0.04132380075736528;1.5465293149019703;-0.22529931542096576;-0.4932571670669056;-0.20705054018444602;-0.11004885883776841;-0.5206665044717406;-0.19195613449211046;0.06860000030428637
RBF;0.09291756358256925;0.03947849065864401;1.564233364457592;-0.22647590391810102;-0.4790140162672648;-0.20711485352379705;-0.11066538745756287;-0.5213094783079315;-0.1925052171204238;0.06740000026184134
RBF;0.09295053733357783;0.0367070941095991;1.5430400054151447;-0.2270218177829348;-0.4956152490123746;-0.2095230318759324;-0.1098763306750725;-0.5230683465036885;-0.19157045848635632;0.07529999857069924
RBF;0.09487801385003099;0.03537810232669556;1.5458239896496915;-0.22778104806884272;-0.49316890436466493;-0.21011450314931268;-0.10797617618818378;-0.5256523275306546;-0.18930766403369298;0.07059999916236848
RBF;0.09412680749405486;0.03424686111043003;1.5319943805304042;-0.22791871864085372;-0.504311921049685;-0.21101752116591527;-0.10542938022025802;-0.5283927781864283;-0.18683976683039696;0.06880000000819564
RBF;0.09462992981339319;0.03580965479304213;1.539196614718847;-0.22784710644147502;-0.49849008779177606;-0.21011703782022811;-0.1030429376731651;-0.5311346173813828;-0.18510920311367468;0.08739999975659885
RBF;0.09302411093914818;0.03674733100260939;1.5435179552319127;-0.22703786661663397;-0.4952266596276507;-0.20948929769989755;-0.10031081227173311;-0.533995248404754;-0.18435392309412676;0.07559999903605785
RBF;0.08929446582912155;0.037858398254781045;1.5306107598797372;-0.22589467934427418;-0.5060135456268181;-0.2091616823764043;-0.09741469453582553;-0.5367822227377224;-0.18376013212975453;0.07030000051599927
RBF;0.08519667880390376;0.03945503858568495;1.5228664426684317;-0.22445533541187473;-0.5127276619132426;-0.20832215274062166;-0.09290885502070632;-0.541105991996896;-0.18234937807005536;0.06779999966965988
RBF;0.08259492966883449;0.0408422535440431;1.5337198520016635;-0.22260566956416264;-0.5041284446452376;-0.20743773264050458;-0.08849939481952057;-0.5451751348270283;-0.1806472201376919;0.06949999988137279
RBF;0.07838695716892881;0.04124535175924218;1.5247318979415874;-0.22109222083082572;-0.5117092223405815;-0.2071997059057027;-0.0836367727113902;-0.5492630913798108;-0.17902120515618697;0.06799999937356915
RBF;0.07307217373018267;0.04241721066796254;1.519339125505542;-0.21875739312346848;-0.5163977707859064;-0.20641606596797896;-0.07861186908173765;-0.5532682184210564;-0.17753562057979538;0.0763000007282244
RBF;0.06864330369413378;0.044527249059257666;1.5316034617039298;-0.2152542746684669;-0.5065916092808069;-0.20509104109049375;-0.07176931404883895;-0.5585920397297855;-0.17558635406842635;0.07750000077066943
RBF;0.06164598176770022;0.04624634900717364;1.5234620637629472;-0.21176402530962637;-0.5133266442195484;-0.20397000145478383;-0.06608790151568354;-0.5629927376935332;-0.1739160297018713;0.0746000005165115
RBF;0.054657588673037355;0.047277808975923236;1.5185772249983578;-0.2078696643770823;-0.5172165359035756;-0.20306900270172995;-0.060885636081528076;-0.5670538477452606;-0.17224153339206438;0.07259999983943999
RBF;0.04805609133060653;0.04935130030988209;1.5311463213996193;-0.2018515616372079;-0.5067819473290074;-0.20154242840654268;-0.05561143382366942;-0.5710960997538987;-0.17051348068421437;0.06810000013501849
RBF;0.04123365452637601;0.05059539511025741;1.5386877792403761;-0.19588831072317572;-0.5003498209530038;-0.2002741989031075;-0.050520699685960915;-0.5750613041334376;-0.16881491833374251;0.06609999945794698
RBF;0.03311019253223377;0.05267723657657621;1.527712654284815;-0.19083921919961375;-0.5084766616889445;-0.19884057597480154;-0.04399251854749423;-0.580031043314087;-0.16664225787116244;0.07030000051599927
RBF;0.0254461153969457;0.053926341456367495;1.5211275793114782;-0.1855227526787999;-0.5129292622207542;-0.19762481661112496;-0.037326778711527106;-0.5848180050217512;-0.16451202561109696;0.0687000010657357
RBF;0.01812920763693944;0.05620195819692067;1.5326765339874915;-0.17720758659371888;-0.5026917885712439;-0.1956757428479438;-0.031374305300201195;-0.5892213679838214;-0.16253287502816005;0.0670000008540228
RBF;0.009923678449239658;0.05852117437417659;1.5396059067930996;-0.1683756020338567;-0.4959841973812236;-0.19348131785329586;-0.02282847808059193;-0.5954346443787623;-0.1596966365722247;0.0703999994584592
RBF;0.0013042071715392602;0.06022270407373043;1.5282635308164492;-0.16199076090164408;-0.5033444224000758;-0.1919833963209746;-0.016369931759837107;-0.600052274612511;-0.15756794242901373;0.06829999983892776
RBF;-0.007587475513484605;0.06217362187306365;1.521458105230459;-0.1543960547741836;-0.5069186069017851;-0.190025749965874;-0.010298723131537298;-0.6043510835686049;-0.15555104224073685;0.0748999991628807
RBF;-0.016642485042902555;0.06427417253226449;1.5173748498788648;-0.1458371866247312;-0.5080909908304112;-0.187824721500493;-0.0038144964191079048;-0.6087360395717595;-0.15356299728836453;0.07759999971312936
RBF;-0.025795490678956947;0.0664645029073859;1.5149248966679083;-0.136516510759506;-0.5077417875426588;-0.18546483948339915;0.003457701834391868;-0.6136349109353356;-0.1513638042858192;0.0824999988253694
RBF;-0.03407729399939231;0.06870870111205965;1.5134549247413345;-0.12762465578026636;-0.5066838241614492;-0.18310540074415094;0.010001346283847771;-0.6176164307899701;-0.1495634299726089;0.07540000115113799
RBF;-0.04276637591005715;0.0709852200144648;1.5125729415853901;-0.11787629436485836;-0.5049160656296343;-0.1805989414687174;0.015809748518538665;-0.6212908277183569;-0.14796645817226683;0.10900000052060932
RBF;-0.05169982497485968;0.07328113133550881;1.5120437516918235;-0.10749509021825099;-0.5026874325046409;-0.17796646802833416;0.021612962644803998;-0.6249500558245564;-0.1463584410763002;0.08929999967222102
RBF;-0.05984989435254392;0.07465867812813522;1.5117262377556835;-0.09781818912202031;-0.5004590456619571;-0.1759133641224392;0.02777463685794735;-0.628499479125922;-0.14479784914337546;0.06749999920430128
RBF;-0.06845993589755808;0.07734520616291288;1.5115357293939995;-0.08726178371408352;-0.4979260458271427;-0.17294593851764892;0.03458433845163385;-0.6324591434516263;-0.1430247306144431;0.07240000013553072
RBF;-0.07641596076336932;0.07895712298377947;1.511421424376989;-0.07738949834752307;-0.49553038915357284;-0.17065082505439683;0.04057618914686877;-0.6360401884602132;-0.14145823926341383;0.07030000051599927
RBF;-0.08490957560125968;0.07992427307629943;1.511352841366783;-0.06673343729842457;-0.4929640615415551;-0.168586646075773;0.047207932112362475;-0.6398403327431927;-0.13973787484327962;0.07100000038917642
RBF;-0.09279574444279662;0.0814345631114123;1.511311691560659;-0.0566691229003945;-0.4905734136676604;-0.16623939392898732;0.053770235542938666;-0.6432709641341373;-0.13820853301479313;0.06969999958528206
RBF;-0.10104329932913683;0.08333878589107613;1.4965430995613607;-0.050719935903527746;-0.49964048660972443;-0.16318514112707913;0.06079654970916259;-0.6474395685884687;-0.13637728397277893;0.0684000006003771
RBF;-0.10962110047401769;0.08448131955887442;1.4876819443617817;-0.04262569928922383;-0.5041645862742352;-0.16043938266816965;0.06722499872171812;-0.6513534723243958;-0.1346078062999467;0.06790000043110922
RBF;-0.1183970493740229;0.08516683975955339;1.4823652512420344;-0.03311462430520856;-0.5059157244666637;-0.15797909096470691;0.07363906712274358;-0.6552665557483026;-0.1327852461325009;0.0717999992048135
RBF;-0.12729188692710275;0.08739278598649913;1.479175235370186;-0.022618881089880027;-0.5059286985496197;-0.15456855632426258;0.07977830628431387;-0.6592550182120428;-0.1309061002988478;0.06939999911992345
RBF;-0.1368251308303206;0.09056567075553666;1.4920051279627011;-0.005597912598267307;-0.49304325800711374;-0.1511693516562025;0.08621988518129832;-0.6637690952786496;-0.1287203940706121;0.07100000038917642
RBF;-0.14626507709065495;0.09246940161695918;1.49970306351821;0.009409413974409475;-0.4848251014364651;-0.14807041858984812;0.09204757368697512;-0.667696198620371;-0.12676311684904765;0.06829999983892776
RBF;-0.1549005081963121;0.09358895720748096;1.4895779227358914;0.017186827388245285;-0.49073371883540584;-0.14504364321544982;0.09865485626096876;-0.6719322884656366;-0.12470762738904759;0.06800000119255856
RBF;-0.1637110350727831;0.09607532466833238;1.4835028382665;0.026537544041756456;-0.4935741456271329;-0.14109822520238394;0.10495047022140921;-0.6758860726590747;-0.12280797775079288;0.06860000030428637
RBF;-0.1726266194117424;0.09756714514484323;1.4798577875848653;0.03675036267090437;-0.4947886347435187;-0.13778947639995373;0.11152838243469232;-0.6802175049865363;-0.1208250149454955;0.0669999990350334
RBF;-0.1816052382281947;0.09936955448401892;1.4776707571758845;0.047485639647530775;-0.49503028399770266;-0.13426966753310804;0.11912075748511033;-0.6849827258848217;-0.1186340194891556;0.0779999991209479
RBF;-0.19152899478441196;0.10135831714079352;1.476358538930496;0.05962409638560179;-0.4946988317133726;-0.13036573096033222;0.12586177791215603;-0.6893257130338143;-0.11657304886900158;0.07139999979699496
RBF;-0.20326739493273333;0.10452498932571873;1.4903151100988872;0.07935279068807105;-0.48306924540215307;-0.12568757393267432;0.1346794524162061;-0.6946890056283002;-0.1139787877155274;0.07499999992433004
RBF;-0.21269214228655772;0.10626621215235174;1.4839451506842976;0.08873179371035317;-0.4871872321040346;-0.12178065631921417;0.14174360866086935;-0.6987525258513306;-0.1120566141682959;0.06969999958528206
RBF;-0.22197625891192907;0.1091255799548699;1.4801231750355437;0.0986952940200917;-0.4895552646201533;-0.11718531636273127;0.14899288846922573;-0.7024928366685889;-0.11041290198897623;0.09630000022298191
RBF;-0.23208331415349776;0.11084120063638081;1.4778299896462914;0.10994625727650525;-0.49124549478332147;-0.11310408106812714;0.15524158723342646;-0.7056618087254204;-0.10901881550779478;0.06819999907747842
RBF;-0.2417768155115157;0.11277789009855654;1.4764540784127402;0.12082956095784458;-0.49252844021047326;-0.10897909107502121;0.16130214923629818;-0.7083218958517766;-0.10787433198265226;0.06570000005012844
RBF;-0.24869465846243904;0.11372387590603597;1.4615867201339197;0.12341435695580655;-0.5036897921702825;-0.10571186002664124;0.16845152056887908;-0.7109920377844338;-0.10673077997277457;0.09250000039173756
RBF;-0.2563882212981393;0.11429146739052362;1.4526663051666273;0.12885407931060955;-0.510887164726802;-0.10260200095037061;0.17507214325176537;-0.7133121850477376;-0.10585529841571911;0.09560000034980476
RBF;-0.269152930249396;0.11693487937356134;1.4760997698405658;0.15157744032885728;-0.49552516933479496;-0.09807036857744389;0.18212123389483795;-0.7159434003972627;-0.10506518760458976;0.07719999848632142
RBF;-0.2785356580213615;0.1182487314474032;1.4754159465293046;0.16149334975828816;-0.4975231377239997;-0.09432408575344897;0.18951287508471018;-0.7189794166265634;-0.10397844644920685;0.0777000004745787
RBF;-0.2877945628976175;0.11903704269170831;1.4750056525425481;0.17113970092780018;-0.4996763224009074;-0.09093538465257617;0.19694127449272092;-0.7219174611793646;-0.10285606014191703;0.07440000081260223
RBF;-0.2969791740364478;0.12041734649156056;1.4747594761504943;0.18057861512030143;-0.5018750207720531;-0.08717034165065857;0.20383767712461362;-0.7246990468709794;-0.10202597134073668;0.07700000060140155
RBF;-0.30702652598609187;0.12215284582474109;1.474611770315262;0.19071879996580388;-0.504460813309304;-0.08289164632714344;0.2108619690558765;-0.7273153676359453;-0.10155653302650175;0.06910000047355425
RBF;-0.31668420536895503;0.1231941454246494;1.4745231468141224;0.20023093580105178;-0.5073091058413003;-0.07916397260332131;0.2184632627152882;-0.7296253555164192;-0.10143244064570606;0.07100000038917642
RBF;-0.3261080812117496;0.12381892518459439;1.4744699727134387;0.20929632464901582;-0.5104042073027849;-0.0757605643117315;0.22476677354628682;-0.7304606573341974;-0.10216921841578064;0.06969999958528206
RBF;-0.3362989919837722;0.12419379304056138;1.4744380682530285;0.2188653922695425;-0.5140791746010712;-0.07225446726685028;0.22898868259902733;-0.7291623727721218;-0.10434245779250706;0.06630000098084565
RBF;-0.34604280666006254;0.12351139670087241;1.4744189255767823;0.22775875065261725;-0.5180549819357518;-0.06953049750543944;0.23109151155391291;-0.7265417109312144;-0.10709506054750449;0.06770000072719995
RBF;-0.35370372957237506;0.12219464184378984;1.4744074399710347;0.23457446656103653;-0.5215154299411059;-0.06784848541144389;0.23150641672238698;-0.7225802687745628;-0.11048438171915821;0.07080000068526715
RBF;-0.361952234459171;0.12074678406592015;1.4891444507232103;0.24634419296083282;-0.5177456069581996;-0.06579516576572686;0.23051676203137533;-0.7177890329716208;-0.11460998602364764;0.06709999979648273
RBF;-0.3632493862518402;0.11781392310301096;1.4832427550588916;0.24553124283705285;-0.5219500254171862;-0.06724867864993836;0.22794330682710978;-0.711657999900466;-0.11968412089250076;0.06829999983892776
RBF;-0.3658196285076483;0.1143983529030492;1.4944456397759245;0.25097805124888384;-0.5183554929740354;-0.06812637195976001;0.22487822289988585;-0.7056193480069304;-0.12454306975335788;0.06709999979648273
RBF;-0.3645717739223304;0.10955901084426942;1.5011673706061441;0.2516560616954101;-0.5156737937373718;-0.07113932847189747;0.22119227905317182;-0.6995249104566809;-0.12936986143726076;0.07209999967017211
RBF;-0.361033061232337;0.10386540567019883;1.5052004091042759;0.24949624776179613;-0.5133930776617402;-0.0754897535007098;0.21813615361605365;-0.6946780211676483;-0.13303592568423805;0.08200000047509093
RBF;-0.35611983367953826;0.09858924260655466;1.507620232203155;0.24565341431347165;-0.5111296355240691;-0.08012433649801168;0.2146531482193446;-0.6897539766857229;-0.13690470934171822;0.09800000043469481
RBF;-0.35038189720905627;0.09356354480916634;1.5090721260624824;0.24075812033343363;-0.5089084167048323;-0.08494015515164613;0.21071809989155094;-0.6848939825686969;-0.14097334823342508;0.06740000026184134
RBF;-0.3441491353879643;0.08868812617153154;1.5099432623780789;0.23518348724721228;-0.5067625844362798;-0.08986653334472666;0.20595879402890346;-0.6803098467766363;-0.1454930524471098;0.06859999848529696
RBF;-0.3376194783565064;0.08297287505014794;1.5104659441674366;0.22909446451796528;-0.504955408326422;-0.09537951309146792;0.19924887537897282;-0.6754028968609076;-0.15156758868913506;0.07699999878241215
RBF;-0.32998168421922813;0.07768372441811597;1.5107795532410515;0.22184269788759026;-0.5027719909285998;-0.10103983208674408;0.19407343133885446;-0.6726167412490092;-0.15613513768669712;0.07350000123551581
RBF;-0.3248505462104298;0.07331792637274177;1.5264677183452355;0.22123215333299612;-0.49476406408031437;-0.1043678358778588;0.18851990257968984;-0.671566436716039;-0.16065354375965585;0.08489999891025946
RBF;-0.3179564788734548;0.06783690914674524;1.535880617407746;0.21694279576965236;-0.489422771079306;-0.10913405424687933;0.1816972597871488;-0.6724687883516827;-0.16559334110692098;0.06949999988137279
RBF;-0.308883884733388;0.062092145018868006;1.526028357185237;0.20512259923838155;-0.4912324219111822;-0.11627559856617845;0.17636546651177;-0.6747451803126161;-0.16905389859333386;0.06659999962721486
RBF;-0.30265340518968564;0.056332209669800945;1.535617000711747;0.20125707224073502;-0.48632293064297694;-0.12088863999471108;0.17108079894619144;-0.6782215479451177;-0.17201335718381355;0.07019999975454994
RBF;-0.2941220406455211;0.0514693254142978;1.5258701871676377;0.18971375514523336;-0.4886512318755365;-0.12723477072160339;0.16582598310069524;-0.6828295319319669;-0.17452340803419417;0.07089999962772708
RBF;-0.28714322195982056;0.047621594881395;1.5200220990411721;0.18068694554721754;-0.4900624456306205;-0.13207037157228513;0.16118994093971065;-0.688055751443187;-0.17634229911415866;0.06820000089646783
RBF;-0.2810959307891984;0.043452956602451506;1.5165132461652928;0.17313224341461037;-0.4910499786344873;-0.1365293623443349;0.15685458607230088;-0.6933717828457387;-0.1780728652104325;0.07019999975454994
RBF;-0.27560755612762333;0.040021773655484504;1.514407934439765;0.16653012642601767;-0.4914640366981381;-0.14029205205470005;0.1523896804977517;-0.69914334587912;-0.17947399465860958;0.06919999941601418
RBF;-0.26879867774926025;0.03671550293905918;1.4984008452888242;0.1542845605088935;-0.4993239276868562;-0.14475744073014418;0.1473813747617322;-0.705422575608852;-0.1806230124413094;0.06850000136182643
RBF;-0.262898716615704;0.03473174050920399;1.48879659179826;0.1448097025454222;-0.5041945561538238;-0.14780187751325602;0.142754943009305;-0.7111314555734284;-0.18165429719726953;0.07100000038917642
RBF;-0.2584514228823011;0.0326341659980217;1.4830340397039212;0.13799568808468454;-0.5074347874526812;-0.15028403094537565;0.13745895458890625;-0.7171096219777681;-0.18268076951434334;0.07110000115062576
RBF;-0.2548757295889902;0.030468304238043146;1.479576508447318;0.13281674337420013;-0.5095667347032293;-0.1524789183233514;0.13303468070783075;-0.7216188841398837;-0.1832979135903105;0.07669999831705354
RBF;-0.24946829277863108;0.028909553738264822;1.4634601781546666;0.1214377693632166;-0.519838228779922;-0.15448463194827475;0.12981754915844718;-0.7250271984758003;-0.183844804735073;0.07300000106624793
RBF;-0.24445240215984249;0.027088589172111252;1.4537903799790755;0.11244399155380164;-0.5264268803813273;-0.1564558469532382;0.12621101217401315;-0.7287243576580182;-0.18443260854950116;0.07010000081209
RBF;-0.23967143925599615;0.025996010432419107;1.4479885010737208;0.10496547678265677;-0.5303614603025635;-0.15808975976172693;0.12291664067161183;-0.7314807835756698;-0.18493845711668416;0.0684000006003771
RBF;-0.23591714724740181;0.02534046318860382;1.444507373730508;0.09942191628765434;-0.5327312789451267;-0.15929610891895085;0.11934557404047691;-0.7342217591959563;-0.18545794818580397;0.06880000000819564
RBF;-0.2327788577759586;0.02494713484231465;1.4424186973245805;0.09504795320376513;-0.5341269557635842;-0.16026556503643782;0.11535228227516411;-0.7374099961349355;-0.18583326667568256;0.06880000000819564
RBF;-0.22912445556051952;0.02382542356825457;1.441165491481024;0.09031555473321906;-0.5350957548594608;-0.16179424163678063;0.11074276384456413;-0.740592794122801;-0.18617266219567086;0.06860000030428637
RBF;-0.22398629934569841;0.02294641674189141;1.4270248639496277;0.07933173685424988;-0.5458679227580797;-0.1624106018268165;0.1053472495622144;-0.7433105762743638;-0.18697203772778123;0.09829999908106402
RBF;-0.219173173096618;0.022419012646073516;1.41854048743079;0.07063185171795067;-0.5525290655451776;-0.1631050257755259;0.09948141295611768;-0.7455366008824261;-0.1880065017545493;0.06570000005012844
RBF;-0.2156467591551957;0.022308550250509887;1.4268385655447497;0.06932407656980322;-0.5459744671118326;-0.16504778076671556;0.09337351761237682;-0.7477503533460521;-0.18890859476428584;0.07339999865507707
RBF;-0.20801532649573953;0.02099422089249517;1.4056485818182947;0.05269107143899243;-0.5632649470878299;-0.16523214104129175;0.0874928301526823;-0.750175202397361;-0.18961908530076937;0.07580000055895653
RBF;-0.2009001033193361;0.020205623277686338;1.3929345915824216;0.03962111549452474;-0.5741290504332968;-0.16566728248468215;0.07996207293427159;-0.7536580767209698;-0.19035780105994135;0.08139999954437371
RBF;-0.1940946058327643;0.01973246470880104;1.3853061974408978;0.02868616949054431;-0.5809793486941612;-0.16642574076462358;0.07353615119167596;-0.7570098075710083;-0.19066279782227175;0.0884000000951346
RBF;-0.18747494376009147;0.01944856956746986;1.3807291609559835;0.0190055814741682;-0.5854001148818004;-0.16742957966435684;0.06768363870096783;-0.760523009391352;-0.19088104318416696;0.07759999971312936
RBF;-0.18096678293575802;0.01843277795576124;1.3779829390650349;0.010100525675393324;-0.5885252103114775;-0.16901046598728897;0.060026574053711784;-0.7650746066755246;-0.19128039077314768;0.07679999907850288
RBF;-0.1736800683335183;0.017823302988736064;1.3763352059304657;0.0005601877873604444;-0.5908460050925743;-0.1707076829572805;0.053422653554862386;-0.7688243184904484;-0.19156055652286352;0.07079999886627775
RBF;-0.16620803964017142;0.017307314981514756;1.3631344451054699;-0.012876332120583589;-0.6030331946280708;-0.17024623476058084;0.04671769634180207;-0.772067726184198;-0.19202972702935447;0.06930000017746352
RBF;-0.15841815583002675;0.01782438882571611;1.3552139886104726;-0.02495736756210465;-0.610786091136812;-0.17014160903667613;0.03932042560668827;-0.7747517239884009;-0.1929310130654251;0.06899999971210491
RBF;-0.15126422559833752;0.01730796648370278;1.350461714713474;-0.03510869024159202;-0.6160038415325191;-0.17094171010672154;0.03212382499700622;-0.7766803536341814;-0.1938920426130063;0.06650000068475492
RBF;-0.14366520086518744;0.016998113078494782;1.347610350375275;-0.04520843928961071;-0.6197382473932148;-0.17204810922873737;0.02445473955254881;-0.7783586475629691;-0.19512671788526603;0.06750000102329068
RBF;-0.13552955421968232;0.015859737288145867;1.3342183726082864;-0.05842420305307433;-0.6325291205637421;-0.1713975875516539;0.017649574040945668;-0.7796702421384615;-0.19642664297560686;0.0746000005165115
RBF;-0.12741338369463695;0.015176711813936518;1.326183185948093;-0.06990962717703358;-0.6407623337007504;-0.17151252905206704;0.010348224796566007;-0.7812636257689584;-0.19756874423324614;0.07030000051599927
RBF;-0.11850020320743186;0.013958200894975337;1.3213620739519771;-0.08125292757791913;-0.6465286235294412;-0.17266650346339193;0.0029027997909878683;-0.7839177181481835;-0.1981862334599877;0.06859999848529696
RBF;-0.10991751237736652;0.012418398709163059;1.3184694067543075;-0.09152013652434254;-0.6506734532410299;-0.17429250621115877;-0.005160121341221003;-0.7882327713896705;-0.19835328922515566;0.07249999907799065
RBF;-0.1023418109760206;0.01149451739767569;1.3167338064357057;-0.10032659771534758;-0.6536305322893877;-0.17564997018271616;-0.011418136748688142;-0.7920249087071393;-0.19837262276383552;0.088099999629776
RBF;-0.09456160759747079;0.01094018861078327;1.3156924462445447;-0.10915323456615128;-0.6560423571714503;-0.1769758801376085;-0.01693058778873211;-0.7948778655134828;-0.19860360576257566;0.08570000136387534
RBF;-0.08746739866703418;0.010607591338647818;1.315067630129848;-0.11703722155853563;-0.657970161499858;-0.17814020440987827;-0.02209148470238251;-0.7972081610810952;-0.1990393217085773;0.06909999865456484
RBF;-0.08018256625216241;0.010322001524894677;1.303508651899687;-0.12619992368258404;-0.6685344732395285;-0.17673827325481084;-0.027311457080259716;-0.7999586344436651;-0.19910173021968142;0.0703999994584592
RBF;-0.07368453919032239;0.010068200829940584;1.2858551800903033;-0.1340727181016677;-0.6833859411130792;-0.17363500001833646;-0.031287165640643454;-0.802056052072104;-0.1990991396872405;0.06949999988137279
RBF;-0.06795540384442936;0.009998367219670337;1.28598118187596;-0.13980358219322747;-0.684303785141734;-0.17455346245819178;-0.03487645534729297;-0.8035455604339788;-0.1993502067931338;0.07329999971261714
RBF;-0.06293494394821114;0.009956467053508188;1.2860567829473544;-0.14473831628019568;-0.6851233469491131;-0.17532654046478086;-0.03844103261368555;-0.8041399426507626;-0.19988976053938923;0.07360000017797574
RBF;-0.057910965926946334;0.00984888014710869;1.2753840587189038;-0.14953054554083817;-0.6939556484168324;-0.1734918585977905;-0.041304707436295614;-0.8042084707001819;-0.20045365546081512;0.06810000013501849
RBF;-0.05334657914818594;0.009784328003268991;1.2689804241818334;-0.15352490778171501;-0.6993979063764133;-0.1725853123753938;-0.044251366765894494;-0.8040136879644852;-0.20106191426186476;0.07259999983943999
RBF;-0.04905794711492819;0.009745596716965173;1.2651382434595912;-0.15715289681804445;-0.7028469404772173;-0.17224620946452704;-0.04669775546885721;-0.8040974039170051;-0.20147159374979687;0.08069999967119657
RBF;-0.04526455515578086;0.009013315407543892;1.273551019897533;-0.1607845729210558;-0.6973045466575651;-0.1752348508049797;-0.04839981698896451;-0.8045546779677792;-0.20150313214919638;0.06940000093891285
RBF;-0.04188373277048287;0.008507989176529358;1.267880600889011;-0.16325975502855183;-0.7019275205460079;-0.17455128196609038;-0.05037107247955129;-0.8053389794116118;-0.20129081182871972;0.0715000005584443
RBF;-0.03908023935630332;0.008204793437920637;1.2644783494838978;-0.16529200203527789;-0.7047740943054408;-0.17423903368168495;-0.05178653559535114;-0.8056940332817798;-0.20108339344212955;0.08640000123705249
RBF;-0.03662314332479484;0.008022875994755405;1.2624369986408297;-0.16710214810529422;-0.7065697197654587;-0.17415228576168287;-0.053443184317784415;-0.8045264820602759;-0.2013543106281983;0.07240000013553072
RBF;-0.035148885705889754;0.007913725528856266;1.261212188134989;-0.16816008013738748;-0.7076384453634188;-0.17409864548249512;-0.05541547181531571;-0.8017969123512702;-0.2022810450902885;0.06930000017746352
RBF;-0.03271433116854519;0.007848235249316783;1.2604773018314845;-0.1700373838792414;-0.7084761133776503;-0.17427059608110407;-0.05791857833908978;-0.7978367332256386;-0.2036759845357597;0.07209999967017211
RBF;-0.030478598463137697;0.007033941098592338;1.2600363700493817;-0.17153347875780628;-0.7090771379469799;-0.17487458685045246;-0.060568239894997315;-0.7929826080085066;-0.2051677544278836;0.07029999869700987
RBF;-0.02758715887389169;0.00654536460815767;1.2597718109801201;-0.17362749829743718;-0.7096219659916504;-0.1754372868989283;-0.06276766318726942;-0.7885692975730062;-0.20662021376851433;0.07619999996677507
RBF;-0.024302295154342568;0.005477218730896113;1.2596130755385633;-0.17581322544652495;-0.7101284789569481;-0.17637166101068275;-0.06525827392839463;-0.7831002153407711;-0.2083831379510181;0.07120000009308569
RBF;-0.020121802502993922;0.004077820582878864;1.2702359191449162;-0.17977269937206453;-0.7031218165154902;-0.1802535019006879;-0.06849058428362126;-0.7758796931183505;-0.21050321476849201;0.07719999848632142
RBF;-0.016723081399800888;0.0032216923327280742;1.265891540437441;-0.18155519434830347;-0.7065764967215582;-0.18004672382001863;-0.0715840029278329;-0.7688839834156017;-0.212366167795483;0.07120000009308569
RBF;-0.012408316872904125;0.001141526055295647;1.2740029980842427;-0.18494955187609302;-0.7013150718838324;-0.183625264576265;-0.07466549078097276;-0.7616710590639667;-0.21422803450439465;0.06880000000819564
RBF;-0.007444990123742475;-0.00010657371116380905;1.278869872672324;-0.18856758321689687;-0.6983771093945856;-0.18603466938996627;-0.07760393057029015;-0.7544522085897127;-0.21590489698802606;0.07200000072771218
RBF;-0.0020409071709387716;-0.0016813354955694279;1.2929740859865158;-0.19294028374193284;-0.6888186252514727;-0.19080713258153942;-0.08186288209044658;-0.7441461489313396;-0.2181855513202584;0.07170000026235357
RBF;0.0027329024191427237;-0.0033832693303652486;1.2902525254136878;-0.19542846634637967;-0.6912140248282851;-0.1915638479360829;-0.08472694985813761;-0.7376999682727152;-0.21930625501560586;0.07370000093942508
RBF;0.009079741288292888;-0.005336628192355707;1.3114848367954033;-0.20003001965849615;-0.6763642083324001;-0.198069985171763;-0.08762640284044809;-0.7306473987123668;-0.2203439753886953;0.07709999954386149
RBF;0.014343496751767017;-0.006436759453155709;1.3125430644603633;-0.20304124734397144;-0.6760132296320356;-0.19940059668211518;-0.09054710670962343;-0.7228354751670977;-0.22158706352169827;0.06890000076964498
RBF;0.019119141298722636;-0.007096838209635711;1.3131780010593392;-0.20572472678031656;-0.6758914079853958;-0.20035809730120324;-0.09330504453239664;-0.7146642890541931;-0.22278708011032677;0.06790000043110922
RBF;0.02360191929576715;-0.008301581097959282;1.3135589630187248;-0.207924246088587;-0.6758781261945243;-0.20147794702827165;-0.09531961808270792;-0.7074691352671726;-0.2235023395304757;0.07069999992381781
RBF;0.027908977362865;-0.009024426830953424;1.3137875401943562;-0.21004722739874832;-0.6759336132398882;-0.20230421651697733;-0.09701804644176101;-0.6997299769280017;-0.22415522133674154;0.11079999967478216
RBF;0.03211060347199485;-0.00945813427074991;1.313924686499735;-0.2120850220133635;-0.6760171285871626;-0.2029521348188157;-0.09827020216594248;-0.6924936723423105;-0.22455742008084495;0.06919999941601418
RBF;0.037020907148305124;-0.010747607723909439;1.3379002543912857;-0.21465095592126388;-0.6585098489487442;-0.20898003048471736;-0.09903666437733452;-0.6850911699054794;-0.22464766763240973;0.06979999852774199
RBF;0.04165799840791112;-0.011521291795805154;1.3522855951262163;-0.21641046913317052;-0.6478171336269956;-0.21250793462639633;-0.09929874421536915;-0.6768277592565087;-0.22452490762306404;0.06949999988137279
RBF;0.04575758928699948;-0.011238356377952428;1.373696926136743;-0.21733265632557786;-0.6315264522889106;-0.21650346281247224;-0.09915557229232766;-0.6691724899917644;-0.22418758342649342;0.07229999937408138
RBF;0.04729455313701904;-0.011703013717976295;1.3615514772292365;-0.2186564838007572;-0.6409049911411095;-0.21473767631100127;-0.0983996552399359;-0.6614324107916645;-0.2231340020590051;0.0884000000951346
RBF;0.04951309505495931;-0.011249080865335354;1.3664763288289867;-0.2195466201571743;-0.6371870212516453;-0.2155680349451845;-0.09677927077434674;-0.6524286272853662;-0.22150557903796161;0.0714999987394549
RBF;0.05084422020572347;-0.010131266626840874;1.3694312397888369;-0.22027534953196665;-0.6349718752441132;-0.21566943804921018;-0.09487245978866252;-0.6455528953003081;-0.21966436335535333;0.11550000090210233
RBF;0.05264938878059853;-0.008735902774964258;1.3973730169595777;-0.21920522817329624;-0.6132455627309221;-0.21958986957427817;-0.09230550359126052;-0.6378570858567755;-0.217112888500689;0.06759999996575061
RBF;0.05235242351061192;-0.006971774185166289;1.40074937923676;-0.2191066868568588;-0.6106276189136046;-0.2192658602665029;-0.0896898178601252;-0.6315336939351454;-0.2146191304978049;0.11369999992894009
RBF;0.05266859649724502;-0.005068778777386351;1.4161639006283315;-0.21791587792924155;-0.5984303671449862;-0.22051149212357424;-0.0865315040915076;-0.6244935362402522;-0.2114790209585247;0.06860000030428637
RBF;0.05063371562041208;-0.0030412672664318105;1.4120239094380123;-0.21777134835794282;-0.6017517495730192;-0.21893273733261698;-0.08387939459538384;-0.6177854644064256;-0.2087009633750006;0.07340000047406647
RBF;0.05034120454416915;-1.0126253320731204e-05;1.4369704302877726;-0.21488445891178412;-0.5817842290480839;-0.2205248314444318;-0.08126818614372705;-0.6111467786569795;-0.20549602293695152;0.09030000001075678
RBF;0.04791900805223305;0.003536781313153873;1.4378965312589393;-0.213919667159526;-0.5810509205704215;-0.21887486730787592;-0.07840944894067793;-0.6047237125757171;-0.20198530246417717;0.06820000089646783
RBF;0.04689774589672338;0.007565971107507388;1.4524940033803289;-0.21167793395966952;-0.5692770614309258;-0.21840982226572525;-0.07576459522939431;-0.599376940357194;-0.19840350361911557;0.06919999941601418
RBF;0.045377671550148393;0.010890802037388674;1.4612524866531627;-0.20976405896923306;-0.5621635132287551;-0.21753721447158142;-0.07253501749684814;-0.5935181692253775;-0.19364494019345677;0.0683999987813877
RBF;0.043558309888934235;0.015607651755124978;1.466507576616863;-0.20818165050155638;-0.5579187552334304;-0.21565188250087763;-0.06962112720749093;-0.5892902266132565;-0.18919618166606703;0.06990000110818073
RBF;0.04194498558657596;0.02052459080828587;1.4844045327107072;-0.20458498665637898;-0.5433357491356302;-0.21437513396924335;-0.0668387343059836;-0.5845017560840823;-0.18419542218574958;0.07200000072771218
RBF;0.040428529478729686;0.026622446478831628;1.5106427060270289;-0.19975048363043776;-0.5220848268778249;-0.2122437034444169;-0.06454653403716837;-0.5785325823505176;-0.1786814089978025;0.0698000003467314
RBF;0.0372771174016505;0.03178346754051439;1.510885610356807;-0.19739748241535693;-0.5217517055493087;-0.20957600765398243;-0.06280115721459456;-0.5750066943156696;-0.17480028093878436;0.06890000076964498
RBF;0.0357201163019264;0.03719315704986477;1.5265313526146889;-0.19385899708549353;-0.5091947763227915;-0.2068515884045783;-0.06082776683797774;-0.5736042428079245;-0.1711540642926193;0.09690000115369912
RBF;0.033522069515967624;0.042775893781138816;1.5204187983094029;-0.1928150712472065;-0.5140288905429851;-0.2039689094749434;-0.0584608609981711;-0.573896888308643;-0.16780465853590149;0.07080000068526715
RBF;0.03127324146479146;0.04705553579950415;1.516751265726231;-0.19138617783563272;-0.5169153179335066;-0.2016261935413423;-0.0565521378811889;-0.5747472657869029;-0.16550646228261004;0.06860000030428637
RBF;0.02783711541156665;0.050916247811431926;1.499806844060704;-0.19128809472224914;-0.53059235304575;-0.19901024834517006;-0.055877222674426616;-0.5750809562503885;-0.16483534042300163;0.0687000010657357
RBF;0.026240730576180062;0.055349748142883334;1.519884092837027;-0.18626863265043983;-0.5141114700105807;-0.1969397290378606;-0.05605013139491808;-0.5746782510454129;-0.1653295835058573;0.06949999988137279
RBF;0.02528289967494811;0.05800984834175418;1.5319304421028206;-0.1833795136145637;-0.5043667987757333;-0.19535137260103785;-0.05665060104173532;-0.5740727931432595;-0.16612092957144203;0.06829999983892776
RBF;0.024708201134208935;0.05960590846107669;1.5391582516622968;-0.18169683021617677;-0.49859630807192723;-0.19426700992454038;-0.05729922961630228;-0.5735581004019743;-0.16690428577526376;0.06759999996575061
RBF;0.02436338200976543;0.0605635445326702;1.5434949373979827;-0.1807064780230479;-0.49516741138813847;-0.19356767586676826;-0.05793269617483037;-0.5729925807925711;-0.16772759146976302;0.06949999988137279
RBF;0.023918029001868325;0.059588126209624795;1.5305969491793792;-0.1822843692031516;-0.5053171991157532;-0.19441933816295104;-0.05843295642975612;-0.5725488282270839;-0.16834666981884644;0.07019999975454994
RBF;0.023650817197130063;0.05900287521579754;1.5228581562482169;-0.18332898954485588;-0.5115075415760877;-0.19478439301027162;-0.058535164803624244;-0.5724354545484902;-0.16845714582101962;0.07279999954334926
RBF;0.023263660850969814;0.05808465146120796;1.5034709783738953;-0.186453018360952;-0.5273293923111657;-0.19496342081247608;-0.05759265187511873;-0.5735442813907958;-0.16731269120585363;0.06860000030428637
RBF;0.024188196286191864;0.05810079036674745;1.5065825737649265;-0.18663471139964025;-0.5248913881250474;-0.19512057125411209;-0.0564996687108584;-0.5743621311442301;-0.1665009105025977;0.10930000098596793
RBF;0.023812917567724187;0.05811047371007114;1.5084495309995454;-0.18599369574778787;-0.5232935877573972;-0.1951298863768014;-0.05487611394881379;-0.5756053989448731;-0.16556534065511178;0.06759999996575061
RBF;0.023826211869874582;0.05871243754914286;1.5250697050003317;-0.18314679893475674;-0.5097247428715606;-0.1949439881851967;-0.052699433996202104;-0.5773052870427089;-0.16444815101950758;0.076299998909235
RBF;0.02155426354807817;0.058817705914484326;1.5047979076251643;-0.18474663409760203;-0.5260110839391707;-0.19446568671618647;-0.04955817659180974;-0.5798095066939979;-0.16286243223996694;0.06949999988137279
RBF;0.020372557965654157;0.06040062299791508;1.5073787313156881;-0.18315033781819284;-0.5237813888699745;-0.19357957068232712;-0.04592203177100029;-0.5829557376143527;-0.16104471559417777;0.06740000026184134
RBF;0.017803534656997938;0.06135037324797353;1.5089272255300021;-0.18061020402798209;-0.5221350419580209;-0.19287671374148674;-0.04141483407392794;-0.5866089970946231;-0.15920789379579714;0.07440000081260223
RBF;0.014497505325894791;0.06351791567065632;1.525356321718606;-0.17454999458873188;-0.50825138923129;-0.19152310863053618;-0.036036116448010844;-0.5905422108859145;-0.15763189884757234;0.06979999852774199
RBF;0.009628503175137781;0.0650807488108201;1.5197137797717528;-0.17101965657364246;-0.5120207314868404;-0.19021693506620413;-0.03042703693093832;-0.5948208073068357;-0.15613706530094684;0.06579999899258837
RBF;0.003917101945880855;0.06694844867451927;1.516328254603641;-0.16621340502413204;-0.5137342870204863;-0.18859574665635048;-0.02448498525620902;-0.5994944144928479;-0.15436083655964444;0.06960000064282212
RBF;-0.002299738730476022;0.06806906859273876;1.514296939502774;-0.16060504687501972;-0.5141004375830638;-0.18729920183273996;-0.01843489733868836;-0.6039945967815467;-0.15256024767717163;0.1114999995479593
RBF;-0.009749843054693775;0.06967144052327137;1.513078150442254;-0.1533852640565488;-0.5134192371616316;-0.185559279274081;-0.012100898178072899;-0.6089991865617395;-0.15043646778145772;0.08329999945999589
RBF;-0.017009905588027147;0.07156286366119184;1.5123468770059416;-0.14598324485598538;-0.512259830779631;-0.1836259574738502;-0.0056168891673182494;-0.6142877608363775;-0.14802348177182145;0.1422000004822621
RBF;-0.024723016205123127;0.07197186390132879;1.4971642108285304;-0.1416852543887032;-0.5226572020885024;-0.1819994010234423;0.0008138733417452381;-0.6188866801068809;-0.1459729365743766;0.08290000005217735
RBF;-0.0325038093354911;0.0748031176472281;1.5027985132377077;-0.13161863596390996;-0.5158814332275642;-0.17956836047974528;0.006450392404938385;-0.6229541107529315;-0.14426711789566843;0.07919999916339293
RBF;-0.04089228513211552;0.0774318698743686;1.506179094683214;-0.12118602538767206;-0.5106891759777384;-0.1769804197514157;0.013756681970407946;-0.6280163202797748;-0.14208511423726172;0.09259999933419749
RBF;-0.04871537054889289;0.07993912119025381;1.5082074435505177;-0.11148979322665448;-0.5066865993145092;-0.1744142047772549;0.0205187126990769;-0.6329409521716254;-0.1398645133304825;0.0853000001370674
RBF;-0.05619922173776203;0.08144347197978494;1.5094244528709;-0.10227933468627873;-0.5033818986743502;-0.17240837058526454;0.026919372487918713;-0.6375845521833651;-0.13768675353128845;0.09609999870008323
RBF;-0.06500135053832409;0.08099335521044773;1.455200114213985;-0.10912277311800628;-0.5456335799086316;-0.16769402844548773;0.031619562996973424;-0.6409202536826465;-0.13611937940054714;0.07449999975506216
RBF;-0.07281899139939108;0.08072328514884541;1.4226655110198358;-0.11142219437728779;-0.5708778147114808;-0.16227852935965514;0.03742024307044775;-0.6450980921683397;-0.1341162675754145;0.07719999848632142
RBF;-0.08089139402367092;0.08303862149306193;1.415924875672915;-0.10424158700773573;-0.5740336134947922;-0.15848487503369849;0.043092432850714395;-0.6491265079694772;-0.13219767165824403;0.07540000115113799
RBF;-0.08827119917896858;0.0844868084991437;1.3991003678951939;-0.10145771725010516;-0.5860781227990647;-0.1534826267462288;0.04897572649420223;-0.6523363687558669;-0.13082570608437716;0.09580000005371403
RBF;-0.09523544585287691;0.08620117522970266;1.3890056632285612;-0.0966510268610733;-0.5925056306165828;-0.14937951340126995;0.054211584434327935;-0.653878704078778;-0.13068506008309583;0.15669999993406236
RBF;-0.10299242929670109;0.088055588061764;1.39572896699815;-0.08469208592006527;-0.5842638319996865;-0.1481455980246324;0.06039239303606144;-0.6526296500413469;-0.13287903395324352;0.06679999933112413
RBF;-0.11351252961436377;0.09094066907436385;1.4271934648238553;-0.05955930255232328;-0.5536908927811401;-0.14957647412725147;0.0641710184250131;-0.6499887514322664;-0.1356516137938605;0.07159999950090423
RBF;-0.12297751656507176;0.09269440060825548;1.4608160656349027;-0.03464046814763638;-0.5220246425466275;-0.15064840680444913;0.06784102876367137;-0.646318859755651;-0.1390620640156549;0.07100000038917642
RBF;-0.12958650871509747;0.09281663954898957;1.4809896261215312;-0.018749975758095283;-0.5035025441408314;-0.1507596928991326;0.07228862539464084;-0.6421947651648163;-0.14288713250443266;0.07329999971261714
RBF;-0.13400556253174747;0.0892607147003533;1.478349860297884;-0.014117245169866177;-0.5047180700247749;-0.15192046278686103;0.0771652309674636;-0.6394503055307421;-0.14554892230438204;0.08899999920686241
RBF;-0.1389933362339056;0.08610642810624372;1.49150990291932;-0.0031636984873522622;-0.49328315463775635;-0.15347412183299458;0.08150998371682211;-0.6385539716423865;-0.14665875515771126;0.06799999937356915
RBF;-0.14327892725610908;0.08160531962162909;1.4846620263765573;-0.00016390168266466887;-0.49809488459856643;-0.15501125808211963;0.08570854676587418;-0.6394492875137057;-0.14649537889979536;0.06819999907747842
RBF;-0.14827735498692618;0.07965319109980738;1.4952972025665239;0.009908495810657392;-0.4890148616801178;-0.15547612535164002;0.09074450442132188;-0.6421613910997183;-0.14516196559219818;0.07300000106624793
RBF;-0.1547817961639122;0.07926883704637666;1.5171783079405188;0.025522104139634294;-0.471944648171572;-0.15433591588168044;0.0954850843357867;-0.6456568102757285;-0.14323435231147386;0.08060000072873663
RBF;-0.1615459992688758;0.07903822461431823;1.530306971164916;0.03835893592413536;-0.4622454095111528;-0.15245207203860256;0.1002548759874822;-0.6497111397276334;-0.14091701489073827;0.06930000017746352
RBF;-0.168466059530626;0.07985370328800717;1.5381841690995541;0.04970080255318571;-0.45650556263393777;-0.14980495533818627;0.10583650242229854;-0.6550043480593858;-0.1378225797679053;0.06790000043110922
RBF;-0.17454963410684723;0.08046222125883604;1.5274104882003219;0.05427836503871036;-0.4626820956232207;-0.14836003889366925;0.11126742862521624;-0.6602971491069375;-0.1347552460557708;0.07159999950090423
RBF;-0.18098977879138273;0.08268733200053517;1.5209462796607824;0.06059065990613405;-0.4660937678151222;-0.14550659016292453;0.11613689352276109;-0.6649169075731719;-0.13207645636366827;0.07329999971261714
RBF;-0.18764386554090673;0.08495239842515556;1.517067754537059;0.0678928528505715;-0.4679384331940766;-0.14241737221132786;0.12204533610031948;-0.6707602546999464;-0.12872211359491292;0.08990000060293823
RBF;-0.19535631750902477;0.08817143823912961;1.5147406394628247;0.07697295626311379;-0.4687094938405734;-0.1383564407647411;0.1272084402579464;-0.6757121559055581;-0.12575605003944013;0.06620000021939632
RBF;-0.20370378860829919;0.09103286210711495;1.513344370418284;0.08700218503286294;-0.46908959050690513;-0.13425912771376816;0.13205969566816622;-0.6805384589660536;-0.12293378328716413;0.0687000010657357
RBF;-0.21023202733208973;0.09363435055484359;1.4977627068759358;0.08998278363110279;-0.47916967310869085;-0.1308493879821227;0.13656712945050503;-0.6858905438757382;-0.11968635036048102;0.06540000140375923
RBF;-0.21777823877944075;0.09610256067674997;1.4884137087505267;0.09604476360126535;-0.4854000928927262;-0.12700392477010705;0.13982433428265414;-0.6911436439405392;-0.11631608855103036;0.06680000115011353
RBF;-0.22645694116655785;0.10044153546769169;1.4975482119909054;0.10972635315482421;-0.4787581075538025;-0.12184719642081371;0.14077878539398112;-0.6951678346994227;-0.11354430506891448;0.0698000003467314
RBF;-0.2329570893997367;0.1047234568908047;1.4882850118195086;0.11441122635145007;-0.48480620061840335;-0.11709474777911288;0.14007301019856166;-0.6973597845077298;-0.11191203824053243;0.07230000119307078
RBF;-0.23776449539291317;0.10729260974467252;1.4827270917166704;0.11819232371729144;-0.48861150047219526;-0.11390711192060965;0.13777388272608768;-0.6975273616867954;-0.11139275213405121;0.07170000026235357
RBF;-0.24064893898881906;0.11064873556353155;1.4793923396549675;0.12049171215482019;-0.4906715020673815;-0.11079132629870647;0.13407234422102923;-0.6957753610364202;-0.11215774350693848;0.06800000119255856
RBF;-0.23916078988595527;0.1115606689187344;1.4633496768792562;0.11299233835748868;-0.5020718857209725;-0.10996823745035247;0.12932344682216917;-0.6934446280950018;-0.1133306734383021;0.06709999979648273
RBF;-0.23785744747156762;0.11230225401469951;1.467765890752519;0.11312149826523654;-0.4986377880921883;-0.11007720891505698;0.12382608828434909;-0.6904835893356203;-0.11468033100279786;0.06919999941601418
RBF;-0.23435349086312748;0.11365452212554775;1.4704156190764768;0.11003451648578377;-0.4963491948717226;-0.11031083674006623;0.11782947195366363;-0.6869238232525214;-0.11642911330475919;0.08069999967119657
RBF;-0.23082209253916447;0.11376271227577309;1.4867493581864755;0.11172667752998877;-0.484452767318612;-0.11179035063058337;0.10920999186121219;-0.6820021359756635;-0.11872458234548622;0.0714999987394549
RBF;-0.22378105853080135;0.11180884592238437;1.4818056995368507;0.10155496555283605;-0.4880048701457525;-0.11496440414915202;0.10320996938323074;-0.6784852405160773;-0.12025657057270031;0.10329999895475339
RBF;-0.21592716991270677;0.11063652611035113;1.4788395043470757;0.09099857545059498;-0.49031825163619136;-0.11783352021964341;0.09626278818692754;-0.6740814204808664;-0.12233483251756848;0.07069999992381781
RBF;-0.20860630021370113;0.11009191470745329;1.491803689348835;0.08666041343800035;-0.48111668506755445;-0.12059582692769141;0.08922415105078742;-0.6697088261788895;-0.12433772990027085;0.06749999920430128
RBF;-0.19865646144302407;0.10779173327485414;1.4848382982342663;0.07183622651304283;-0.48694976161676;-0.12462844153907338;0.08308683247171836;-0.6656310774701216;-0.1262221760815985;0.06829999983892776
RBF;-0.19080387529508427;0.10652503904695329;1.4954029656811492;0.06569252497257272;-0.47992621502474037;-0.12783316608859266;0.07671231433370358;-0.6614572086386193;-0.128246374508724;0.09339999996882398
RBF;-0.18071647006570052;0.10383697377201578;1.4869978640336547;0.0498871426050333;-0.48752047577175356;-0.13198628608501878;0.06975487976560886;-0.6570414723096795;-0.13036810448244043;0.08199999865610152
RBF;-0.17103475871499355;0.1013168175537841;1.4819548030451581;0.03561732754333535;-0.49303653482890347;-0.135845584267946;0.06360869791161293;-0.6528441349596412;-0.13252079396689032;0.07240000013553072
RBF;-0.16159646369149266;0.09889740676957592;1.4789289664520602;0.0222796678825688;-0.4972947328829315;-0.13954439075264471;0.05789729983486142;-0.6489543075070907;-0.13461571915423826;0.07089999962772708
RBF;-0.15368787697055092;0.09746844322538273;1.4918573666118256;0.016591216172815226;-0.4888658336348456;-0.1429164416260798;0.0517941695134543;-0.6447433355171086;-0.1367672925755124;0.07109999933163635
RBF;-0.14522272501958225;0.09568106511926591;1.4996144067076846;0.008186859432215754;-0.48483888615769555;-0.1462534586665805;0.04531967231177898;-0.6405166329944881;-0.1389881071665186;0.10250000013911631
RBF;-0.13642363393059742;0.09367863827599492;1.5042686307652002;-0.0018034057405302284;-0.4834423857163669;-0.14961312205474767;0.039573266442997745;-0.6364261270271001;-0.14112821428471897;0.07069999992381781
RBF;-0.1274241793588029;0.09154718219043141;1.5070611651997097;-0.01271801795798111;-0.4836611340360978;-0.15297797496206372;0.03174830710111009;-0.6309831640263989;-0.14395876516183165;0.06910000047355425
RBF;-0.11830450669732254;0.0893383085594924;1.5087366858604152;-0.024158071867132036;-0.4848951612986175;-0.15631845052328003;0.026188796877972455;-0.6270650246437713;-0.14602025592597961;0.0987999992503319
RBF;-0.11004270316163162;0.08615298442172718;1.5097419982568385;-0.03473148938021342;-0.48657297204314254;-0.16000216248270333;0.019611651702665225;-0.622390170684748;-0.14849870434337514;0.07209999967017211
RBF;-0.10050366992120771;0.08254057046418833;1.4956012835790684;-0.051763643893408595;-0.5005899109089511;-0.16374265168524024;0.012936971963482743;-0.6178079139472423;-0.15098265370315506;0.0821999983600108
RBF;-0.09192220125915546;0.08021434160534292;1.5018607568880304;-0.060796439269095504;-0.4982891870320473;-0.16696308618260472;0.007085154109124896;-0.6136542956613442;-0.15329917794658274;0.06749999920430128
RBF;-0.08305332014352047;0.07788860431043476;1.5056164408734078;-0.07094027973165062;-0.4981008731814528;-0.1700458022613076;0.000984375528472631;-0.6092557655323979;-0.15582879400680955;0.08379999962926377
RBF;-0.07494199153533676;0.07556316195388897;1.5078698512646342;-0.08050114618566645;-0.4988731997173494;-0.17287129017065017;-0.005387640944507678;-0.6049511133866475;-0.15835678737337852;0.07790000017848797
RBF;-0.06635519445202291;0.07323789656036059;1.50922189749937;-0.09078546094539616;-0.5004841686909862;-0.17567906653510518;-0.01086179437674099;-0.6009542764038712;-0.16063024987492153;0.06720000055793207
RBF;-0.05748311628363098;0.07091273734464265;1.5100331252402115;-0.1013906067475005;-0.5025688999214479;-0.17843943602371876;-0.016799439349804733;-0.5966125561511987;-0.1631889414464871;0.06919999941601418
RBF;-0.049369869443793096;0.06765764185601007;1.5105198618847164;-0.11104619874563859;-0.5046292706999335;-0.18152929054598677;-0.022730816167423253;-0.5924448422534719;-0.1655420711912152;0.07140000161598437
RBF;-0.04078192142148674;0.06477458458322963;1.5108119038714194;-0.12105834904428545;-0.5068903475843491;-0.18438393110155488;-0.028612073453095722;-0.5881512348446462;-0.1679211975857739;0.07269999878189992
RBF;-0.0320999219162841;0.06271090407303795;1.5264871287234563;-0.12711111338766282;-0.49692454931505536;-0.1867124953006613;-0.03484991848375641;-0.5835393355667515;-0.17052651916581366;0.07050000021990854
RBF;-0.023909953047774993;0.05994654195424454;1.5203922639746632;-0.1377501784823037;-0.5038095127350337;-0.18933003946432586;-0.04213912119343189;-0.5779591465992369;-0.1735866402881719;0.06609999945794698
RBF;-0.015299817961589001;0.05790638622979888;1.5322353447854025;-0.14450307135664242;-0.4966190443317895;-0.19131930475374515;-0.04829352233606704;-0.5733844167472048;-0.17619631101612687;0.06960000064282212
RBF;-0.007319890817751587;0.055203831289099274;1.523841193611831;-0.154687719893817;-0.5049443512121842;-0.1938057843740555;-0.05485155709645201;-0.5681399552752369;-0.1791600317744496;0.07250000089698005
RBF;0.0013311423068930895;0.0521992214319397;1.5343047025677032;-0.16147197496771504;-0.4984619411588983;-0.1961260826106161;-0.060493252199345544;-0.5638661059603185;-0.1815639266007274;0.06719999873894267
RBF;0.009168685200544015;0.049919532451181955;1.5250828082812113;-0.1707916107156058;-0.5070965357825541;-0.19825488992215756;-0.06622226325906243;-0.5595947251936584;-0.18400613941798882;0.07000000005064066
RBF;0.0179012108483385;0.0471209498633413;1.5350496713693313;-0.17722957182419624;-0.5005724021467122;-0.20030939595045322;-0.07238782328483853;-0.5546766129465541;-0.18683544763004833;0.06990000110818073
RBF;0.025620726182617612;0.04408256957122019;1.5255297895621882;-0.185577994348267;-0.5090667852199453;-0.20267583656719035;-0.07793351505929838;-0.5503382313220934;-0.18935193546077933;0.06910000047355425
RBF;0.03444935836805071;0.04171107986951623;1.5353178601379174;-0.1915019532029901;-0.5022180226895312;-0.20436507403412307;-0.08338366942748064;-0.545731154256273;-0.1919462639909792;0.06939999911992345
RBF;0.041129614572050374;0.03897664761572334;1.52569070282334;-0.19803492671329231;-0.5103540212859812;-0.20636333231048787;-0.08854658104365715;-0.5410419199072787;-0.19443437806006625;0.06500000017695129
RBF;0.0488577682128538;0.03547598830424579;1.5199144084345932;-0.20438826547621963;-0.5153787657350122;-0.20859869791802843;-0.09194347410579012;-0.5375772118370662;-0.1957582776650228;0.06929999835847411
RBF;0.056284660336138576;0.03244559273775836;1.5164486318013455;-0.20973439430060653;-0.5183695418484906;-0.21048168624625324;-0.09415200086630174;-0.5350760272952896;-0.1963333341413483;0.0687000010657357
RBF;0.06334002632232735;0.030913509237743098;1.5298691654814118;-0.21273793749685233;-0.5076342247696886;-0.21149977775825318;-0.09524946042568445;-0.5335655492434458;-0.1969040258225257;0.06849999954283703
RBF;0.06852709204696464;0.029040413004809935;1.5379214856894516;-0.21514859422706883;-0.5011668095858852;-0.2124469853680649;-0.096141783109156;-0.5324845919076101;-0.19769152745871954;0.07100000038917642
RBF;0.07259317761467102;0.027916555265050037;1.5427528778142756;-0.21712437038432653;-0.49724972564886266;-0.21299544266957066;-0.09641261238851771;-0.5322292886990538;-0.19819487242722314;0.08429999979853164
RBF;0.07598667508821885;0.027242240621194097;1.5456517130891698;-0.21881163078420948;-0.49484050924226775;-0.21334008789373832;-0.09655845872578905;-0.5322806226009672;-0.19851872980332103;0.0804999999672873
RBF;0.07887621484917429;0.026134817842199686;1.5637068033699117;-0.21940066901236832;-0.4809311918335344;-0.21297449825110248;-0.09679782300734906;-0.5323736691224226;-0.19885200884402682;0.06709999979648273
RBF;0.08060993870574756;0.025470364174803042;1.574539857538357;-0.21985688253105465;-0.47287879340593497;-0.21250587629816603;-0.09732283749172943;-0.532646845300258;-0.19960331152283567;0.06740000026184134
RBF;0.08079673174286478;0.024820679834121895;1.5647239009236187;-0.22037313526543478;-0.4800738924293744;-0.21358536178507914;-0.09834932951929343;-0.5330139765870509;-0.20114723596807127;0.06810000013501849
RBF;0.0809088075651351;0.024430869229713208;1.5588343269547758;-0.22069842382056232;-0.4844812709840607;-0.21415823414052126;-0.09960232325051634;-0.5336713474985182;-0.20290629547802605;0.0973999995039776
RBF;0.0809760530584973;0.023243136734143986;1.55530058257347;-0.2208744717764794;-0.487175619932426;-0.21491136019837476;-0.10044353424469968;-0.5342684476511189;-0.20445534977198035;0.08399999933317304
RBF;0.08197024648743861;0.022530497236802456;1.5531803359446865;-0.22147615254851252;-0.48873024039438656;-0.215388822615369;-0.10084125142812017;-0.5349343236027523;-0.20558352194474422;0.07109999933163635
RBF;0.08442425238260279;0.02134987711766806;1.5682239770832218;-0.22202916485597962;-0.47732345111257907;-0.21504854762120845;-0.10093950578658573;-0.5357909174686661;-0.20646045934213006;0.06800000119255856
RBF;0.0858966559197013;0.019662557699239094;1.577250161766343;-0.2223616959087726;-0.47076038952709187;-0.21511302305784719;-0.10063933599395604;-0.537345140157492;-0.20746448333371661;0.0698000003467314
RBF;0.08587645433708503;0.018474457550011505;1.5663500834604105;-0.22271539662374326;-0.4786941086065583;-0.21653302872582764;-0.10023795296845299;-0.5396236869162259;-0.20871488315682818;0.0698000003467314
RBF;0.08676797709239065;0.01695835861169684;1.5761258255926562;-0.222693443954134;-0.4716375071339946;-0.21645115040075052;-0.10009009088469825;-0.5428671192002492;-0.21044051129247163;0.07310000000870787
RBF;0.08544540090777464;0.014944245831638139;1.5656754817561982;-0.22231302954666565;-0.4794021045320814;-0.2181302969694195;-0.09975039512962816;-0.5462656431233899;-0.21204120769987317;0.06829999983892776
RBF;0.08288723985109561;0.013616547396987418;1.5439052757943084;-0.2220269201738601;-0.4959633968112164;-0.21983573946577084;-0.09905662537942281;-0.5500812125487193;-0.21344487474510054;0.06820000089646783
RBF;0.0813523432170882;0.011889928356596078;1.5308431522171744;-0.22195092488549656;-0.5062119132731071;-0.22092880754835337;-0.09811582356228361;-0.5536631083343166;-0.2145709989594135;0.06810000013501849
RBF;0.08124217444966916;0.009995495412729666;1.538505877730909;-0.22129196840479462;-0.5003197607304406;-0.22155061126255365;-0.09701944247614556;-0.5572545973730162;-0.21543278459661452;0.06959999882383272
RBF;0.07943530399663143;0.00878729718644052;1.5276035133791348;-0.22102270195415527;-0.5089072593936534;-0.22227123755826772;-0.09571319152900422;-0.5614511668894525;-0.2160763619308273;0.07050000021990854
RBF;0.07742118174520787;0.007132378271066126;1.5210620947680704;-0.22037559811419283;-0.5141629142860595;-0.22298794705251296;-0.0943334590642758;-0.5656255367194718;-0.21665948736558255;0.06639999992330559
RBF;0.07697578530069295;0.005233273095563683;1.5326372432614468;-0.21914720207313282;-0.5052208306409176;-0.22360159220452686;-0.09293470092142589;-0.5700354917832885;-0.2171493021312632;0.07159999950090423
RBF;0.07408547056844297;0.004069963836939116;1.5240823326974575;-0.21819127580157266;-0.5120045466895866;-0.22413812660299176;-0.0915029432275663;-0.5752948591789752;-0.21761458805579448;0.06749999920430128
RBF;0.07076347688587192;0.0033492953554326473;1.5042054842434398;-0.2181136314665595;-0.5277715383127279;-0.22427002500686805;-0.09034668184299431;-0.580282508073148;-0.21809500458155828;0.06820000089646783
RBF;0.06786296362306012;0.002009577213259588;1.4922793751710293;-0.2176515104116222;-0.5373530547604184;-0.22442891569158024;-0.08900648705507884;-0.5864483390374385;-0.21847194215519683;0.0686999992467463
RBF;0.06521533861210385;0.0012057463279557528;1.485123709727583;-0.21695032019274604;-0.5431203375743594;-0.2243850764328481;-0.08765528333204237;-0.5922823610671449;-0.21861517271512387;0.07029999869700987
RBF;0.06330920263688589;0.0007234477967734517;1.4955742125771392;-0.2147599437477268;-0.5347564335218565;-0.22486157409008;-0.0858020216874851;-0.5992524874547968;-0.2187961934146005;0.07069999992381781
RBF;0.05976113086059179;-0.0004732483752051065;1.4871006121712487;-0.21360444405140644;-0.5415188288195898;-0.22491145404559038;-0.08454231535007255;-0.6037716647184372;-0.21884727430913892;0.0684000006003771
RBF;0.05672497074154616;-0.0011912660783922413;1.4820164519277146;-0.2124055860527763;-0.5455526513097221;-0.22484063829409418;-0.08338810369690532;-0.6073710125418003;-0.21880861831798967;0.06649999886576552
RBF;0.053520696303232404;-0.0016004739133219227;1.4649241442429044;-0.21268193628682763;-0.5592420674946;-0.22385432934275534;-0.08252687133002354;-0.6099605798483033;-0.21884089667099255;0.06880000000819564
RBF;0.05207339295386135;-0.001867601401262331;1.4687105711707078;-0.21132156560033014;-0.5561396445681267;-0.22413636381182722;-0.08208115529103521;-0.6125370435349689;-0.21888814688848995;0.07410000034724362
RBF;0.05029769389096954;-0.0020278778940265763;1.47098242732739;-0.20995331366705747;-0.5542455528121888;-0.22424180328134036;-0.08215429751626964;-0.6148907146534631;-0.2190384879534329;0.06880000000819564
RBF;0.04789290166031328;-0.002988155268989102;1.4583037294827097;-0.2101182248835321;-0.5643714536633188;-0.22362883666457684;-0.0825561774674938;-0.6166450872060858;-0.21950738101449868;0.06989999928919133
RBF;0.04688208206157152;-0.003607527267931816;1.4647383223145911;-0.20853130616453375;-0.5591269887062403;-0.22430332263136393;-0.08316759977387349;-0.6182307117071459;-0.22004225854394088;0.06739999844285194
RBF;0.04584353456267447;-0.003935944893332245;1.4545572664750304;-0.20928011590330667;-0.5672926638117991;-0.22360796624066448;-0.08410538013270598;-0.6205614611273599;-0.22081201112724747;0.08259999958681874
RBF;0.045220406063336244;-0.005018709734859081;1.448448632971294;-0.2096033852821863;-0.572181887554261;-0.2235093078659411;-0.08510242219902536;-0.6235585235433748;-0.2214942431479392;0.07089999962772708
RBF;0.04618590175665448;-0.005733177000722981;1.4588252644077417;-0.20862274629515126;-0.5638482389729687;-0.22473823626048678;-0.08610647042497754;-0.6266119727278874;-0.22230887496986432;0.06990000110818073
RBF;0.046311540646010826;-0.005211334733006945;1.4510094317309208;-0.20986416511674447;-0.5701638465636631;-0.22388858047655186;-0.08693728280843946;-0.6296441249023506;-0.2230548409793835;0.07029999869700987
RBF;0.046386923979624635;-0.005783943638663901;1.4463199321248281;-0.2104686799137489;-0.5739442735783811;-0.22372235168177063;-0.08795842888793663;-0.6350521773595283;-0.2237390368222463;0.07089999962772708
RBF;0.04779312955969668;-0.007099634396275051;1.457548043899862;-0.2095519267699298;-0.5649395275546276;-0.22532343017290102;-0.08874937364348688;-0.6402753027177889;-0.22443262293959482;0.08449999950244091
RBF;0.04816159159412273;-0.007802637702911342;1.450243099426193;-0.2106400250217702;-0.5708329751403909;-0.22504992843960359;-0.08924684117725981;-0.6458918790976603;-0.22515068936246924;0.06860000030428637
RBF;0.04838266881477835;-0.009110153953179694;1.4458601327419913;-0.21113032218936614;-0.5743581242852985;-0.22523237690887066;-0.08954409904547193;-0.6514813007947715;-0.22564455188007143;0.06770000072719995
RBF;0.04719704275083821;-0.009791673672377151;1.429841648706208;-0.21243590496633746;-0.5871829081275334;-0.2238354774522721;-0.08973358764364567;-0.658287409548616;-0.22591071672679838;0.06740000026184134
RBF;0.04648566711247413;-0.01106570176398949;1.420230558284738;-0.21300775424837154;-0.5948356919139335;-0.2232273701080904;-0.08976147119433808;-0.6651130538818542;-0.22585306568521102;0.10619999920891132
RBF;0.04605884172945568;-0.011830118618956895;1.414463904031856;-0.21331761766435559;-0.5994115662324657;-0.2228146863361975;-0.08959496833528084;-0.671719557806202;-0.2257690728195655;0.06730000131938141
RBF;0.04493763023955075;-0.012288768731937337;1.411003911480127;-0.21302115255377502;-0.6021165827730987;-0.22248875932807965;-0.0891358838328913;-0.6788317937126584;-0.22542942719786097;0.07140000161598437
RBF;0.04302621415501884;-0.012445988400621895;1.3961477893795209;-0.21362229464919236;-0.6138208342519931;-0.22036011216691515;-0.08844947253307639;-0.6862196416058579;-0.22488705822731886;0.06690000009257346
RBF;0.042252937434794774;-0.012658290600936338;1.4000142426887259;-0.2127345300182062;-0.6107243274148529;-0.22095296666065284;-0.08773052449362742;-0.6936291707360799;-0.22423402300136985;0.0715000005584443
RBF;0.03972448941834542;-0.012667701522021294;1.3895539881046803;-0.21246189686974482;-0.6188656180840515;-0.2192160746813856;-0.08695911874420684;-0.7006796698245051;-0.2234736553559057;0.08039999920583796
RBF;0.03820742060847581;-0.012673348074672268;1.383277835354253;-0.21224402975904372;-0.6237191342230258;-0.21811584339654316;-0.08610980929149328;-0.7076218514230259;-0.22267673293105394;0.07030000051599927
RBF;0.03560627026873421;-0.011831281479352937;1.3795121437039968;-0.21136295473089556;-0.6265479067265709;-0.2169190830913308;-0.08517473271582736;-0.7145319523972165;-0.2221667229304103;0.06799999937356915
RBF;0.03293709524071848;-0.01123210213028246;1.3650406077695887;-0.21122656860361055;-0.6376594038172484;-0.2139499211171666;-0.0843859609092568;-0.7193268841507444;-0.22177978654621297;0.17610000031709205
RBF;0.0305089235753749;-0.010872594520840172;1.356357686208944;-0.2105233106547159;-0.6442045678889818;-0.21199500102907193;-0.08350842594749953;-0.7244079919537469;-0.22117585434948106;0.08829999933368526
RBF;0.029296262995053838;-0.010750829347053681;1.3633600542168112;-0.2093921218103706;-0.6387423548404909;-0.2131093324585146;-0.08240287593427206;-0.7290214998108505;-0.22085068009989495;0.06739999844285194
RBF;0.026473409775823582;-0.010493975780410064;1.3436681949132079;-0.2089185962765503;-0.6536237893268023;-0.2090269391401522;-0.08099243754848967;-0.7346215037478089;-0.2203447372307127;0.06639999992330559
RBF;0.024150712350835542;-0.010429718710916736;1.3435342384951152;-0.2075835950858469;-0.653568479269091;-0.2087495102888361;-0.07959528207500377;-0.7401449792674825;-0.21960324466293257;0.07379999988188501
RBF;0.021768688120421466;-0.010301309398727898;1.3317727054801904;-0.2065023966182597;-0.6622580415627936;-0.20609251468194473;-0.07793698662187047;-0.7463889512892843;-0.21846138433557225;0.07479999840143137
